"name","amount"
"Austin Johnson",1.29
"Austin Johnson",1.42
"Austin Johnson",1.48
"Austin Johnson",1.62
"Austin Johnson",1.79
"Austin Johnson",1.81
"Austin Johnson",1.97
"Austin Johnson",2.15
"Austin Johnson",2.48
"Austin Johnson",2.51
"Austin Johnson",2.87
"Austin Johnson",2.95
"Austin Johnson",3.22
"Austin Johnson",3.23
"Austin Johnson",3.46
"Austin Johnson",3.83
"Austin Johnson",4.23
"Austin Johnson",4.45
"Austin Johnson",4.51
"Austin Johnson",4.67
"Austin Johnson",4.79
"Austin Johnson",5.09
"Austin Johnson",5.34
"Austin Johnson",5.57
"Austin Johnson",5.59
"Austin Johnson",5.99
"Austin Johnson",6.2
"Austin Johnson",7.07
"Austin Johnson",7.51
"Austin Johnson",7.61
"Austin Johnson",10.01
"Austin Johnson",10.08
"Austin Johnson",10.14
"Austin Johnson",10.15
"Austin Johnson",10.18
"Austin Johnson",10.25
"Austin Johnson",10.27
"Austin Johnson",10.28
"Austin Johnson",10.29
"Austin Johnson",10.38
"Austin Johnson",10.52
"Austin Johnson",10.6
"Austin Johnson",10.64
"Austin Johnson",10.72
"Austin Johnson",11.09
"Austin Johnson",11.15
"Austin Johnson",11.36
"Austin Johnson",11.52
"Austin Johnson",12.03
"Austin Johnson",12.16
"Austin Johnson",12.19
"Austin Johnson",12.35
"Austin Johnson",13.75
"Austin Johnson",14.03
"Austin Johnson",14.91
"Austin Johnson",15.22
"Austin Johnson",15.72
"Austin Johnson",16.91
"Austin Johnson",17.59
"Austin Johnson",18.18
"Austin Johnson",18.35
"Austin Johnson",19
"Austin Johnson",19.55
"Austin Johnson",19.87
"Beth Hernandez",1.27
"Beth Hernandez",1.3
"Beth Hernandez",1.5
"Beth Hernandez",1.92
"Beth Hernandez",2.02
"Beth Hernandez",2.06
"Beth Hernandez",2.17
"Beth Hernandez",2.18
"Beth Hernandez",2.26
"Beth Hernandez",2.34
"Beth Hernandez",2.4
"Beth Hernandez",2.45
"Beth Hernandez",2.61
"Beth Hernandez",2.74
"Beth Hernandez",2.78
"Beth Hernandez",2.9
"Beth Hernandez",2.97
"Beth Hernandez",3.07
"Beth Hernandez",3.2
"Beth Hernandez",3.41
"Beth Hernandez",3.54
"Beth Hernandez",3.59
"Beth Hernandez",3.6
"Beth Hernandez",3.65
"Beth Hernandez",3.66
"Beth Hernandez",3.77
"Beth Hernandez",3.84
"Beth Hernandez",3.97
"Beth Hernandez",4
"Beth Hernandez",4.13
"Beth Hernandez",4.14
"Beth Hernandez",4.32
"Beth Hernandez",4.34
"Beth Hernandez",4.37
"Beth Hernandez",4.6
"Beth Hernandez",4.65
"Beth Hernandez",4.69
"Beth Hernandez",4.71
"Beth Hernandez",4.75
"Beth Hernandez",4.78
"Beth Hernandez",4.91
"Beth Hernandez",5.07
"Beth Hernandez",5.09
"Beth Hernandez",5.11
"Beth Hernandez",5.14
"Beth Hernandez",5.83
"Beth Hernandez",5.93
"Beth Hernandez",6.27
"Beth Hernandez",6.57
"Beth Hernandez",6.78
"Beth Hernandez",6.85
"Beth Hernandez",6.89
"Beth Hernandez",6.98
"Beth Hernandez",7.14
"Beth Hernandez",8.4
"Beth Hernandez",9.21
"Beth Hernandez",9.81
"Beth Hernandez",10.02
"Beth Hernandez",10.04
"Beth Hernandez",10.1
"Beth Hernandez",10.19
"Beth Hernandez",10.2
"Beth Hernandez",10.21
"Beth Hernandez",10.26
"Beth Hernandez",10.29
"Beth Hernandez",10.39
"Beth Hernandez",10.44
"Beth Hernandez",10.45
"Beth Hernandez",10.5
"Beth Hernandez",10.57
"Beth Hernandez",10.74
"Beth Hernandez",10.82
"Beth Hernandez",10.83
"Beth Hernandez",10.94
"Beth Hernandez",10.96
"Beth Hernandez",10.98
"Beth Hernandez",11
"Beth Hernandez",11.07
"Beth Hernandez",11.23
"Beth Hernandez",11.64
"Beth Hernandez",11.67
"Beth Hernandez",11.94
"Beth Hernandez",12.29
"Beth Hernandez",12.33
"Beth Hernandez",12.4
"Beth Hernandez",13.32
"Beth Hernandez",13.52
"Beth Hernandez",13.83
"Beth Hernandez",14.26
"Beth Hernandez",14.45
"Beth Hernandez",14.85
"Beth Hernandez",15.07
"Beth Hernandez",15.46
"Beth Hernandez",15.66
"Beth Hernandez",15.74
"Beth Hernandez",15.99
"Beth Hernandez",16.17
"Beth Hernandez",16.32
"Beth Hernandez",16.35
"Beth Hernandez",16.4
"Beth Hernandez",16.41
"Beth Hernandez",17.33
"Beth Hernandez",17.48
"Beth Hernandez",17.77
"Beth Hernandez",17.84
"Beth Hernandez",17.86
"Beth Hernandez",18.41
"Beth Hernandez",18.79
"Beth Hernandez",18.82
"Beth Hernandez",19.28
"Beth Hernandez",19.37
"Beth Hernandez",20.01
"Beth Hernandez",20.5
"Beth Hernandez",21.48
"Beth Hernandez",389
"Beth Hernandez",1029
"Beth Hernandez",1108
"Beth Hernandez",1145
"Beth Hernandez",1279
"Beth Hernandez",1379
"Beth Hernandez",1398
"Beth Hernandez",1856
"Beth Hernandez",2001
"Beth Hernandez",2108
"Brandon Pineda",0.59
"Brandon Pineda",0.62
"Brandon Pineda",1.02
"Brandon Pineda",1.03
"Brandon Pineda",1.19
"Brandon Pineda",1.28
"Brandon Pineda",1.32
"Brandon Pineda",1.36
"Brandon Pineda",1.41
"Brandon Pineda",1.46
"Brandon Pineda",1.59
"Brandon Pineda",1.62
"Brandon Pineda",1.64
"Brandon Pineda",1.67
"Brandon Pineda",1.7
"Brandon Pineda",1.78
"Brandon Pineda",1.8
"Brandon Pineda",1.81
"Brandon Pineda",1.93
"Brandon Pineda",2
"Brandon Pineda",2.17
"Brandon Pineda",2.26
"Brandon Pineda",2.31
"Brandon Pineda",2.33
"Brandon Pineda",2.37
"Brandon Pineda",2.39
"Brandon Pineda",2.41
"Brandon Pineda",2.49
"Brandon Pineda",2.5
"Brandon Pineda",2.51
"Brandon Pineda",2.53
"Brandon Pineda",2.65
"Brandon Pineda",2.79
"Brandon Pineda",2.81
"Brandon Pineda",2.89
"Brandon Pineda",2.97
"Brandon Pineda",3.07
"Brandon Pineda",3.11
"Brandon Pineda",3.17
"Brandon Pineda",3.25
"Brandon Pineda",3.26
"Brandon Pineda",3.27
"Brandon Pineda",3.28
"Brandon Pineda",3.29
"Brandon Pineda",3.36
"Brandon Pineda",3.37
"Brandon Pineda",3.41
"Brandon Pineda",3.52
"Brandon Pineda",3.55
"Brandon Pineda",3.72
"Brandon Pineda",3.8
"Brandon Pineda",3.81
"Brandon Pineda",3.89
"Brandon Pineda",3.93
"Brandon Pineda",3.99
"Brandon Pineda",4.08
"Brandon Pineda",4.09
"Brandon Pineda",4.18
"Brandon Pineda",4.26
"Brandon Pineda",4.34
"Brandon Pineda",4.36
"Brandon Pineda",4.4
"Brandon Pineda",4.46
"Brandon Pineda",4.48
"Brandon Pineda",4.58
"Brandon Pineda",4.6
"Brandon Pineda",4.64
"Brandon Pineda",4.65
"Brandon Pineda",4.69
"Brandon Pineda",4.82
"Brandon Pineda",4.86
"Brandon Pineda",4.87
"Brandon Pineda",4.98
"Brandon Pineda",5.01
"Brandon Pineda",5.07
"Brandon Pineda",5.16
"Brandon Pineda",5.21
"Brandon Pineda",5.27
"Brandon Pineda",5.39
"Brandon Pineda",5.42
"Brandon Pineda",5.63
"Brandon Pineda",5.85
"Brandon Pineda",6.35
"Brandon Pineda",6.51
"Brandon Pineda",6.98
"Brandon Pineda",7
"Brandon Pineda",7.05
"Brandon Pineda",7.34
"Brandon Pineda",7.55
"Brandon Pineda",7.99
"Brandon Pineda",8.19
"Brandon Pineda",8.71
"Brandon Pineda",9.22
"Brandon Pineda",9.84
"Brandon Pineda",10.01
"Brandon Pineda",10.02
"Brandon Pineda",10.05
"Brandon Pineda",10.12
"Brandon Pineda",10.13
"Brandon Pineda",10.24
"Brandon Pineda",10.32
"Brandon Pineda",10.36
"Brandon Pineda",10.38
"Brandon Pineda",10.39
"Brandon Pineda",10.4
"Brandon Pineda",10.48
"Brandon Pineda",10.5
"Brandon Pineda",10.62
"Brandon Pineda",10.78
"Brandon Pineda",10.79
"Brandon Pineda",10.81
"Brandon Pineda",10.84
"Brandon Pineda",10.88
"Brandon Pineda",10.92
"Brandon Pineda",10.97
"Brandon Pineda",11.05
"Brandon Pineda",11.06
"Brandon Pineda",11.1
"Brandon Pineda",11.13
"Brandon Pineda",11.15
"Brandon Pineda",11.19
"Brandon Pineda",11.2
"Brandon Pineda",11.24
"Brandon Pineda",11.29
"Brandon Pineda",11.32
"Brandon Pineda",11.37
"Brandon Pineda",11.46
"Brandon Pineda",11.47
"Brandon Pineda",11.53
"Brandon Pineda",11.6
"Brandon Pineda",11.61
"Brandon Pineda",11.65
"Brandon Pineda",11.77
"Brandon Pineda",11.88
"Brandon Pineda",11.93
"Brandon Pineda",11.96
"Brandon Pineda",12.24
"Brandon Pineda",12.37
"Brandon Pineda",12.5
"Brandon Pineda",12.52
"Brandon Pineda",12.77
"Brandon Pineda",13.95
"Brandon Pineda",14.09
"Brandon Pineda",14.22
"Brandon Pineda",14.5
"Brandon Pineda",15.2
"Brandon Pineda",15.52
"Brandon Pineda",15.66
"Brandon Pineda",15.85
"Brandon Pineda",15.87
"Brandon Pineda",15.89
"Brandon Pineda",15.91
"Brandon Pineda",15.96
"Brandon Pineda",16.09
"Brandon Pineda",16.1
"Brandon Pineda",16.19
"Brandon Pineda",16.3
"Brandon Pineda",16.4
"Brandon Pineda",16.49
"Brandon Pineda",16.55
"Brandon Pineda",16.98
"Brandon Pineda",17
"Brandon Pineda",17.06
"Brandon Pineda",17.07
"Brandon Pineda",17.13
"Brandon Pineda",17.16
"Brandon Pineda",17.49
"Brandon Pineda",17.53
"Brandon Pineda",17.61
"Brandon Pineda",17.83
"Brandon Pineda",17.85
"Brandon Pineda",18.03
"Brandon Pineda",18.08
"Brandon Pineda",18.31
"Brandon Pineda",18.4
"Brandon Pineda",18.47
"Brandon Pineda",18.62
"Brandon Pineda",18.8
"Brandon Pineda",18.82
"Brandon Pineda",18.92
"Brandon Pineda",19.22
"Brandon Pineda",19.33
"Brandon Pineda",19.89
"Brandon Pineda",20.22
"Brandon Pineda",20.7
"Crystal Clark",0.54
"Crystal Clark",0.56
"Crystal Clark",0.87
"Crystal Clark",0.89
"Crystal Clark",1.13
"Crystal Clark",1.16
"Crystal Clark",1.22
"Crystal Clark",1.46
"Crystal Clark",1.48
"Crystal Clark",1.51
"Crystal Clark",1.53
"Crystal Clark",1.62
"Crystal Clark",1.65
"Crystal Clark",1.69
"Crystal Clark",1.77
"Crystal Clark",1.89
"Crystal Clark",1.99
"Crystal Clark",2.05
"Crystal Clark",2.17
"Crystal Clark",2.18
"Crystal Clark",2.19
"Crystal Clark",2.26
"Crystal Clark",2.37
"Crystal Clark",2.48
"Crystal Clark",2.55
"Crystal Clark",2.58
"Crystal Clark",2.69
"Crystal Clark",2.73
"Crystal Clark",2.76
"Crystal Clark",2.81
"Crystal Clark",2.9
"Crystal Clark",2.98
"Crystal Clark",3.07
"Crystal Clark",3.09
"Crystal Clark",3.12
"Crystal Clark",3.16
"Crystal Clark",3.23
"Crystal Clark",3.29
"Crystal Clark",3.39
"Crystal Clark",3.46
"Crystal Clark",3.56
"Crystal Clark",3.57
"Crystal Clark",3.67
"Crystal Clark",3.69
"Crystal Clark",3.79
"Crystal Clark",3.98
"Crystal Clark",4.08
"Crystal Clark",4.14
"Crystal Clark",4.22
"Crystal Clark",4.47
"Crystal Clark",4.53
"Crystal Clark",4.71
"Crystal Clark",4.78
"Crystal Clark",5.3
"Crystal Clark",5.46
"Crystal Clark",5.56
"Crystal Clark",5.68
"Crystal Clark",5.87
"Crystal Clark",6.13
"Crystal Clark",6.4
"Crystal Clark",6.46
"Crystal Clark",7.03
"Crystal Clark",7.19
"Crystal Clark",7.63
"Crystal Clark",7.88
"Crystal Clark",8.02
"Crystal Clark",8.15
"Crystal Clark",8.45
"Crystal Clark",8.55
"Crystal Clark",8.74
"Crystal Clark",8.8
"Crystal Clark",8.95
"Crystal Clark",9.06
"Crystal Clark",9.26
"Crystal Clark",9.51
"Crystal Clark",9.72
"Crystal Clark",9.78
"Crystal Clark",10
"Crystal Clark",10.02
"Crystal Clark",10.03
"Crystal Clark",10.04
"Crystal Clark",10.05
"Crystal Clark",10.09
"Crystal Clark",10.15
"Crystal Clark",10.16
"Crystal Clark",10.17
"Crystal Clark",10.22
"Crystal Clark",10.25
"Crystal Clark",10.3
"Crystal Clark",10.31
"Crystal Clark",10.37
"Crystal Clark",10.4
"Crystal Clark",10.43
"Crystal Clark",10.46
"Crystal Clark",10.47
"Crystal Clark",10.48
"Crystal Clark",10.5
"Crystal Clark",10.52
"Crystal Clark",10.56
"Crystal Clark",10.61
"Crystal Clark",10.64
"Crystal Clark",10.68
"Crystal Clark",10.7
"Crystal Clark",10.75
"Crystal Clark",10.76
"Crystal Clark",10.9
"Crystal Clark",10.92
"Crystal Clark",10.93
"Crystal Clark",10.94
"Crystal Clark",10.95
"Crystal Clark",10.97
"Crystal Clark",10.98
"Crystal Clark",11.12
"Crystal Clark",11.15
"Crystal Clark",11.17
"Crystal Clark",11.22
"Crystal Clark",11.31
"Crystal Clark",11.34
"Crystal Clark",11.42
"Crystal Clark",11.43
"Crystal Clark",11.46
"Crystal Clark",11.52
"Crystal Clark",11.63
"Crystal Clark",11.7
"Crystal Clark",11.72
"Crystal Clark",11.73
"Crystal Clark",11.78
"Crystal Clark",11.94
"Crystal Clark",11.98
"Crystal Clark",12.26
"Crystal Clark",12.34
"Crystal Clark",12.39
"Crystal Clark",12.42
"Crystal Clark",13.61
"Crystal Clark",13.9
"Crystal Clark",14
"Crystal Clark",14.08
"Crystal Clark",14.26
"Crystal Clark",14.58
"Crystal Clark",14.67
"Crystal Clark",14.74
"Crystal Clark",14.93
"Crystal Clark",15
"Crystal Clark",15.25
"Crystal Clark",15.55
"Crystal Clark",15.73
"Crystal Clark",15.94
"Crystal Clark",16
"Crystal Clark",16.01
"Crystal Clark",16.18
"Crystal Clark",16.21
"Crystal Clark",16.25
"Crystal Clark",16.35
"Crystal Clark",16.37
"Crystal Clark",16.38
"Crystal Clark",16.53
"Crystal Clark",16.74
"Crystal Clark",16.85
"Crystal Clark",16.93
"Crystal Clark",16.95
"Crystal Clark",17
"Crystal Clark",17.05
"Crystal Clark",17.09
"Crystal Clark",17.16
"Crystal Clark",17.2
"Crystal Clark",17.3
"Crystal Clark",17.62
"Crystal Clark",17.8
"Crystal Clark",17.91
"Crystal Clark",18.03
"Crystal Clark",18.04
"Crystal Clark",18.06
"Crystal Clark",18.1
"Crystal Clark",18.18
"Crystal Clark",18.34
"Crystal Clark",18.36
"Crystal Clark",18.59
"Crystal Clark",18.64
"Crystal Clark",18.67
"Crystal Clark",18.84
"Crystal Clark",19.07
"Crystal Clark",19.12
"Crystal Clark",19.15
"Crystal Clark",19.28
"Crystal Clark",19.34
"Crystal Clark",19.46
"Crystal Clark",19.8
"Crystal Clark",19.82
"Crystal Clark",19.86
"Crystal Clark",20
"Crystal Clark",20.03
"Crystal Clark",20.13
"Crystal Clark",20.54
"Crystal Clark",89
"Crystal Clark",178
"Crystal Clark",229
"Crystal Clark",393
"Crystal Clark",1014
"Crystal Clark",1103
"Crystal Clark",1131
"Crystal Clark",1203
"Crystal Clark",1430
"Crystal Clark",1617
"Crystal Clark",1634
"Crystal Clark",1803
"Crystal Clark",1911
"Dana Washington",0.83
"Dana Washington",1.14
"Dana Washington",1.31
"Dana Washington",1.56
"Dana Washington",2.5
"Dana Washington",2.57
"Dana Washington",2.58
"Dana Washington",2.68
"Dana Washington",2.96
"Dana Washington",3.15
"Dana Washington",3.21
"Dana Washington",3.26
"Dana Washington",3.39
"Dana Washington",3.54
"Dana Washington",3.74
"Dana Washington",3.79
"Dana Washington",3.82
"Dana Washington",3.89
"Dana Washington",4.24
"Dana Washington",4.34
"Dana Washington",4.48
"Dana Washington",4.58
"Dana Washington",4.61
"Dana Washington",5.17
"Dana Washington",5.28
"Dana Washington",6.16
"Dana Washington",6.52
"Dana Washington",6.82
"Dana Washington",7.18
"Dana Washington",10.01
"Dana Washington",10.04
"Dana Washington",10.09
"Dana Washington",10.16
"Dana Washington",10.35
"Dana Washington",10.41
"Dana Washington",10.49
"Dana Washington",10.5
"Dana Washington",10.65
"Dana Washington",10.78
"Dana Washington",10.85
"Dana Washington",10.91
"Dana Washington",11.05
"Dana Washington",11.25
"Dana Washington",11.36
"Dana Washington",11.41
"Dana Washington",11.62
"Dana Washington",11.7
"Dana Washington",11.74
"Dana Washington",11.75
"Dana Washington",12.16
"Dana Washington",12.6
"Dana Washington",14.8
"Dana Washington",15.97
"Dana Washington",16.06
"Dana Washington",16.18
"Dana Washington",17.03
"Dana Washington",17.56
"Dana Washington",17.64
"Dana Washington",17.76
"Dana Washington",17.95
"Dana Washington",18.05
"Dana Washington",18.25
"Dana Washington",18.89
"Dana Washington",19.6
"Dana Washington",20.09
"Dana Washington",20.38
"Dana Washington",20.69
"Danielle Green",0.7
"Danielle Green",0.86
"Danielle Green",1.01
"Danielle Green",1.08
"Danielle Green",1.29
"Danielle Green",1.41
"Danielle Green",1.44
"Danielle Green",1.45
"Danielle Green",1.54
"Danielle Green",1.56
"Danielle Green",1.59
"Danielle Green",1.67
"Danielle Green",1.89
"Danielle Green",1.91
"Danielle Green",1.93
"Danielle Green",1.94
"Danielle Green",2.04
"Danielle Green",2.05
"Danielle Green",2.17
"Danielle Green",2.21
"Danielle Green",2.22
"Danielle Green",2.32
"Danielle Green",2.37
"Danielle Green",2.48
"Danielle Green",2.57
"Danielle Green",2.68
"Danielle Green",2.74
"Danielle Green",2.9
"Danielle Green",2.97
"Danielle Green",3.06
"Danielle Green",3.12
"Danielle Green",3.15
"Danielle Green",3.19
"Danielle Green",3.21
"Danielle Green",3.4
"Danielle Green",3.64
"Danielle Green",3.67
"Danielle Green",3.7
"Danielle Green",3.82
"Danielle Green",3.88
"Danielle Green",4.17
"Danielle Green",4.42
"Danielle Green",4.43
"Danielle Green",4.49
"Danielle Green",4.52
"Danielle Green",4.59
"Danielle Green",5.52
"Danielle Green",5.54
"Danielle Green",5.56
"Danielle Green",5.58
"Danielle Green",6.21
"Danielle Green",6.4
"Danielle Green",6.55
"Danielle Green",6.56
"Danielle Green",6.65
"Danielle Green",6.8
"Danielle Green",7.05
"Danielle Green",7.12
"Danielle Green",7.16
"Danielle Green",7.5
"Danielle Green",7.68
"Danielle Green",8.03
"Danielle Green",8.74
"Danielle Green",10
"Danielle Green",10.03
"Danielle Green",10.07
"Danielle Green",10.08
"Danielle Green",10.14
"Danielle Green",10.16
"Danielle Green",10.18
"Danielle Green",10.19
"Danielle Green",10.22
"Danielle Green",10.26
"Danielle Green",10.33
"Danielle Green",10.34
"Danielle Green",10.35
"Danielle Green",10.51
"Danielle Green",10.55
"Danielle Green",10.68
"Danielle Green",10.69
"Danielle Green",10.72
"Danielle Green",10.75
"Danielle Green",10.77
"Danielle Green",10.78
"Danielle Green",10.82
"Danielle Green",11
"Danielle Green",11.1
"Danielle Green",11.11
"Danielle Green",11.12
"Danielle Green",11.15
"Danielle Green",11.24
"Danielle Green",11.26
"Danielle Green",11.29
"Danielle Green",11.35
"Danielle Green",11.37
"Danielle Green",11.45
"Danielle Green",11.48
"Danielle Green",11.63
"Danielle Green",11.7
"Danielle Green",11.72
"Danielle Green",11.86
"Danielle Green",12.09
"Danielle Green",12.42
"Danielle Green",13.48
"Danielle Green",13.77
"Danielle Green",14.62
"Danielle Green",14.69
"Danielle Green",14.71
"Danielle Green",14.9
"Danielle Green",15.72
"Danielle Green",15.73
"Danielle Green",15.81
"Danielle Green",16.16
"Danielle Green",16.41
"Danielle Green",16.54
"Danielle Green",16.64
"Danielle Green",16.73
"Danielle Green",16.81
"Danielle Green",17.08
"Danielle Green",17.21
"Danielle Green",17.31
"Danielle Green",17.43
"Danielle Green",17.45
"Danielle Green",17.63
"Danielle Green",17.66
"Danielle Green",17.76
"Danielle Green",18.2
"Danielle Green",18.29
"Danielle Green",18.56
"Danielle Green",18.93
"Danielle Green",19.03
"Danielle Green",19.09
"Danielle Green",19.12
"Danielle Green",19.16
"Danielle Green",19.23
"Danielle Green",19.49
"Danielle Green",20.88
"Danielle Green",21.5
"Elizabeth Sawyer",1.36
"Elizabeth Sawyer",1.71
"Elizabeth Sawyer",2.36
"Elizabeth Sawyer",2.78
"Elizabeth Sawyer",2.88
"Elizabeth Sawyer",3.41
"Elizabeth Sawyer",3.81
"Elizabeth Sawyer",4.25
"Elizabeth Sawyer",4.4
"Elizabeth Sawyer",4.62
"Elizabeth Sawyer",5.05
"Elizabeth Sawyer",5.1
"Elizabeth Sawyer",5.17
"Elizabeth Sawyer",5.41
"Elizabeth Sawyer",5.55
"Elizabeth Sawyer",6.07
"Elizabeth Sawyer",6.24
"Elizabeth Sawyer",7.1
"Elizabeth Sawyer",7.61
"Elizabeth Sawyer",9.84
"Elizabeth Sawyer",10.02
"Elizabeth Sawyer",10.09
"Elizabeth Sawyer",10.27
"Elizabeth Sawyer",10.28
"Elizabeth Sawyer",10.35
"Elizabeth Sawyer",10.38
"Elizabeth Sawyer",10.5
"Elizabeth Sawyer",10.61
"Elizabeth Sawyer",10.65
"Elizabeth Sawyer",10.72
"Elizabeth Sawyer",11.01
"Elizabeth Sawyer",11.1
"Elizabeth Sawyer",11.2
"Elizabeth Sawyer",11.23
"Elizabeth Sawyer",11.29
"Elizabeth Sawyer",11.3
"Elizabeth Sawyer",11.37
"Elizabeth Sawyer",12.02
"Elizabeth Sawyer",12.69
"Elizabeth Sawyer",13.21
"Elizabeth Sawyer",15.57
"Elizabeth Sawyer",15.91
"Elizabeth Sawyer",15.95
"Elizabeth Sawyer",17.36
"Elizabeth Sawyer",17.64
"Elizabeth Sawyer",17.77
"Elizabeth Sawyer",20.07
"Elizabeth Sawyer",188
"Elizabeth Sawyer",206
"Elizabeth Sawyer",313
"Elizabeth Sawyer",626
"Elizabeth Sawyer",757
"Elizabeth Sawyer",1053
"Elizabeth Sawyer",1054
"Elizabeth Sawyer",1119
"Elizabeth Sawyer",1159
"Elizabeth Sawyer",1160
"Gary Jacobs",0.71
"Gary Jacobs",0.81
"Gary Jacobs",0.86
"Gary Jacobs",1.37
"Gary Jacobs",1.5
"Gary Jacobs",1.6
"Gary Jacobs",1.68
"Gary Jacobs",1.79
"Gary Jacobs",1.81
"Gary Jacobs",2.35
"Gary Jacobs",2.88
"Gary Jacobs",3.03
"Gary Jacobs",3.12
"Gary Jacobs",3.13
"Gary Jacobs",3.21
"Gary Jacobs",3.26
"Gary Jacobs",3.31
"Gary Jacobs",3.42
"Gary Jacobs",3.65
"Gary Jacobs",4.09
"Gary Jacobs",4.64
"Gary Jacobs",5.85
"Gary Jacobs",6.68
"Gary Jacobs",7.6
"Gary Jacobs",7.61
"Gary Jacobs",8.02
"Gary Jacobs",8.32
"Gary Jacobs",8.55
"Gary Jacobs",8.61
"Gary Jacobs",8.7
"Gary Jacobs",10.18
"Gary Jacobs",10.19
"Gary Jacobs",10.25
"Gary Jacobs",10.39
"Gary Jacobs",10.53
"Gary Jacobs",10.64
"Gary Jacobs",10.68
"Gary Jacobs",11.55
"Gary Jacobs",11.6
"Gary Jacobs",13.22
"Gary Jacobs",13.98
"Gary Jacobs",14.38
"Gary Jacobs",14.78
"Gary Jacobs",14.81
"Gary Jacobs",15.16
"Gary Jacobs",15.48
"Gary Jacobs",16.13
"Gary Jacobs",16.72
"Gary Jacobs",16.94
"Gary Jacobs",17.18
"Gary Jacobs",17.37
"Gary Jacobs",17.51
"Gary Jacobs",17.59
"Gary Jacobs",17.82
"Gary Jacobs",17.85
"Gary Jacobs",18.34
"Gary Jacobs",18.6
"Gary Jacobs",19.15
"Gary Jacobs",19.42
"Gary Jacobs",19.59
"Gary Jacobs",20.72
"Gary Jacobs",21.02
"Gary Jacobs",23.04
"John Martin",0.51
"John Martin",0.62
"John Martin",1.06
"John Martin",1.13
"John Martin",1.14
"John Martin",1.19
"John Martin",1.26
"John Martin",1.29
"John Martin",1.37
"John Martin",1.43
"John Martin",1.53
"John Martin",1.54
"John Martin",1.56
"John Martin",1.58
"John Martin",1.66
"John Martin",1.77
"John Martin",1.79
"John Martin",1.9
"John Martin",1.95
"John Martin",2.04
"John Martin",2.09
"John Martin",2.13
"John Martin",2.17
"John Martin",2.21
"John Martin",2.22
"John Martin",2.23
"John Martin",2.32
"John Martin",2.34
"John Martin",2.37
"John Martin",2.48
"John Martin",2.61
"John Martin",2.71
"John Martin",2.84
"John Martin",2.85
"John Martin",2.94
"John Martin",3.03
"John Martin",3.04
"John Martin",3.17
"John Martin",3.2
"John Martin",3.32
"John Martin",3.34
"John Martin",3.51
"John Martin",3.74
"John Martin",3.81
"John Martin",3.82
"John Martin",3.83
"John Martin",3.86
"John Martin",3.92
"John Martin",4.32
"John Martin",4.49
"John Martin",4.57
"John Martin",4.6
"John Martin",4.85
"John Martin",4.87
"John Martin",5.23
"John Martin",5.52
"John Martin",5.62
"John Martin",5.64
"John Martin",5.65
"John Martin",5.74
"John Martin",6.22
"John Martin",6.38
"John Martin",6.51
"John Martin",6.96
"John Martin",6.97
"John Martin",7.69
"John Martin",7.78
"John Martin",7.94
"John Martin",8.09
"John Martin",8.61
"John Martin",8.76
"John Martin",8.77
"John Martin",9.21
"John Martin",10.03
"John Martin",10.04
"John Martin",10.05
"John Martin",10.09
"John Martin",10.14
"John Martin",10.15
"John Martin",10.17
"John Martin",10.18
"John Martin",10.19
"John Martin",10.21
"John Martin",10.25
"John Martin",10.27
"John Martin",10.28
"John Martin",10.3
"John Martin",10.31
"John Martin",10.34
"John Martin",10.35
"John Martin",10.41
"John Martin",10.45
"John Martin",10.46
"John Martin",10.48
"John Martin",10.59
"John Martin",10.62
"John Martin",10.67
"John Martin",10.68
"John Martin",10.71
"John Martin",10.77
"John Martin",10.78
"John Martin",10.8
"John Martin",10.81
"John Martin",10.83
"John Martin",10.84
"John Martin",10.87
"John Martin",10.88
"John Martin",10.96
"John Martin",10.98
"John Martin",11.06
"John Martin",11.08
"John Martin",11.16
"John Martin",11.17
"John Martin",11.2
"John Martin",11.5
"John Martin",11.53
"John Martin",11.68
"John Martin",11.7
"John Martin",11.73
"John Martin",11.75
"John Martin",12.2
"John Martin",12.21
"John Martin",12.27
"John Martin",12.28
"John Martin",12.35
"John Martin",12.42
"John Martin",12.45
"John Martin",12.5
"John Martin",12.7
"John Martin",12.71
"John Martin",12.76
"John Martin",12.91
"John Martin",12.98
"John Martin",13.31
"John Martin",13.57
"John Martin",13.65
"John Martin",13.75
"John Martin",13.83
"John Martin",14.46
"John Martin",14.61
"John Martin",15.01
"John Martin",15.05
"John Martin",15.13
"John Martin",15.37
"John Martin",15.51
"John Martin",15.61
"John Martin",15.83
"John Martin",15.98
"John Martin",16.07
"John Martin",16.24
"John Martin",16.34
"John Martin",16.55
"John Martin",16.56
"John Martin",16.64
"John Martin",16.66
"John Martin",16.8
"John Martin",16.88
"John Martin",16.89
"John Martin",16.93
"John Martin",16.98
"John Martin",17.09
"John Martin",17.13
"John Martin",17.16
"John Martin",17.34
"John Martin",17.63
"John Martin",17.75
"John Martin",17.9
"John Martin",17.91
"John Martin",17.99
"John Martin",18.06
"John Martin",18.35
"John Martin",18.39
"John Martin",18.48
"John Martin",18.59
"John Martin",18.61
"John Martin",18.78
"John Martin",18.79
"John Martin",18.84
"John Martin",18.88
"John Martin",18.89
"John Martin",19.11
"John Martin",19.2
"John Martin",19.22
"John Martin",19.23
"John Martin",19.9
"John Martin",19.97
"John Martin",20.17
"John Martin",20.29
"John Martin",20.36
"John Martin",20.52
"John Martin",20.53
"John Martin",20.72
"John Martin",22.78
"Kevin Spencer",0.52
"Kevin Spencer",0.53
"Kevin Spencer",1.1
"Kevin Spencer",1.12
"Kevin Spencer",1.32
"Kevin Spencer",1.39
"Kevin Spencer",1.4
"Kevin Spencer",1.41
"Kevin Spencer",1.42
"Kevin Spencer",1.47
"Kevin Spencer",1.49
"Kevin Spencer",1.54
"Kevin Spencer",1.72
"Kevin Spencer",1.8
"Kevin Spencer",1.99
"Kevin Spencer",2
"Kevin Spencer",2.02
"Kevin Spencer",2.22
"Kevin Spencer",2.23
"Kevin Spencer",2.24
"Kevin Spencer",2.29
"Kevin Spencer",2.42
"Kevin Spencer",2.44
"Kevin Spencer",2.45
"Kevin Spencer",2.58
"Kevin Spencer",2.7
"Kevin Spencer",2.73
"Kevin Spencer",2.74
"Kevin Spencer",2.76
"Kevin Spencer",2.78
"Kevin Spencer",2.8
"Kevin Spencer",2.81
"Kevin Spencer",2.84
"Kevin Spencer",2.86
"Kevin Spencer",2.88
"Kevin Spencer",2.95
"Kevin Spencer",3.01
"Kevin Spencer",3.11
"Kevin Spencer",3.13
"Kevin Spencer",3.19
"Kevin Spencer",3.23
"Kevin Spencer",3.35
"Kevin Spencer",3.36
"Kevin Spencer",3.38
"Kevin Spencer",3.46
"Kevin Spencer",3.54
"Kevin Spencer",3.63
"Kevin Spencer",3.64
"Kevin Spencer",3.88
"Kevin Spencer",3.9
"Kevin Spencer",4
"Kevin Spencer",4.34
"Kevin Spencer",4.39
"Kevin Spencer",4.54
"Kevin Spencer",4.72
"Kevin Spencer",4.75
"Kevin Spencer",4.78
"Kevin Spencer",4.79
"Kevin Spencer",4.81
"Kevin Spencer",4.85
"Kevin Spencer",4.87
"Kevin Spencer",5.02
"Kevin Spencer",5.16
"Kevin Spencer",5.33
"Kevin Spencer",5.4
"Kevin Spencer",5.62
"Kevin Spencer",5.72
"Kevin Spencer",5.82
"Kevin Spencer",5.92
"Kevin Spencer",6.1
"Kevin Spencer",6.28
"Kevin Spencer",6.34
"Kevin Spencer",6.47
"Kevin Spencer",6.7
"Kevin Spencer",6.81
"Kevin Spencer",7.18
"Kevin Spencer",7.19
"Kevin Spencer",7.41
"Kevin Spencer",7.46
"Kevin Spencer",7.52
"Kevin Spencer",8.2
"Kevin Spencer",8.45
"Kevin Spencer",8.48
"Kevin Spencer",10
"Kevin Spencer",10.01
"Kevin Spencer",10.09
"Kevin Spencer",10.1
"Kevin Spencer",10.11
"Kevin Spencer",10.13
"Kevin Spencer",10.16
"Kevin Spencer",10.17
"Kevin Spencer",10.18
"Kevin Spencer",10.24
"Kevin Spencer",10.25
"Kevin Spencer",10.26
"Kevin Spencer",10.28
"Kevin Spencer",10.31
"Kevin Spencer",10.32
"Kevin Spencer",10.34
"Kevin Spencer",10.35
"Kevin Spencer",10.37
"Kevin Spencer",10.38
"Kevin Spencer",10.39
"Kevin Spencer",10.41
"Kevin Spencer",10.46
"Kevin Spencer",10.49
"Kevin Spencer",10.52
"Kevin Spencer",10.53
"Kevin Spencer",10.54
"Kevin Spencer",10.58
"Kevin Spencer",10.61
"Kevin Spencer",10.66
"Kevin Spencer",10.7
"Kevin Spencer",10.72
"Kevin Spencer",10.74
"Kevin Spencer",10.75
"Kevin Spencer",10.81
"Kevin Spencer",10.86
"Kevin Spencer",10.97
"Kevin Spencer",10.99
"Kevin Spencer",11.03
"Kevin Spencer",11.05
"Kevin Spencer",11.06
"Kevin Spencer",11.08
"Kevin Spencer",11.17
"Kevin Spencer",11.2
"Kevin Spencer",11.24
"Kevin Spencer",11.3
"Kevin Spencer",11.33
"Kevin Spencer",11.35
"Kevin Spencer",11.37
"Kevin Spencer",11.43
"Kevin Spencer",11.54
"Kevin Spencer",11.58
"Kevin Spencer",11.74
"Kevin Spencer",11.81
"Kevin Spencer",12.29
"Kevin Spencer",12.63
"Kevin Spencer",12.76
"Kevin Spencer",12.81
"Kevin Spencer",13.18
"Kevin Spencer",13.25
"Kevin Spencer",13.28
"Kevin Spencer",13.46
"Kevin Spencer",13.84
"Kevin Spencer",14.31
"Kevin Spencer",14.89
"Kevin Spencer",15.32
"Kevin Spencer",15.33
"Kevin Spencer",15.34
"Kevin Spencer",15.53
"Kevin Spencer",15.92
"Kevin Spencer",15.98
"Kevin Spencer",16.02
"Kevin Spencer",16.05
"Kevin Spencer",16.21
"Kevin Spencer",16.42
"Kevin Spencer",16.53
"Kevin Spencer",16.57
"Kevin Spencer",16.75
"Kevin Spencer",16.78
"Kevin Spencer",16.82
"Kevin Spencer",17.26
"Kevin Spencer",17.44
"Kevin Spencer",17.47
"Kevin Spencer",17.65
"Kevin Spencer",17.69
"Kevin Spencer",17.7
"Kevin Spencer",17.8
"Kevin Spencer",17.83
"Kevin Spencer",17.88
"Kevin Spencer",18.05
"Kevin Spencer",18.11
"Kevin Spencer",18.14
"Kevin Spencer",18.21
"Kevin Spencer",18.72
"Kevin Spencer",18.76
"Kevin Spencer",19.12
"Kevin Spencer",19.5
"Kevin Spencer",19.67
"Kevin Spencer",20.27
"Kevin Spencer",20.44
"Kevin Spencer",20.56
"Kevin Spencer",21.11
"Kevin Spencer",23.13
"Kyle Tucker",0.76
"Kyle Tucker",0.86
"Kyle Tucker",1.23
"Kyle Tucker",1.25
"Kyle Tucker",1.27
"Kyle Tucker",1.5
"Kyle Tucker",1.53
"Kyle Tucker",1.78
"Kyle Tucker",1.88
"Kyle Tucker",1.92
"Kyle Tucker",2.08
"Kyle Tucker",2.09
"Kyle Tucker",2.14
"Kyle Tucker",2.18
"Kyle Tucker",2.2
"Kyle Tucker",2.35
"Kyle Tucker",2.45
"Kyle Tucker",2.46
"Kyle Tucker",2.48
"Kyle Tucker",2.57
"Kyle Tucker",2.59
"Kyle Tucker",2.72
"Kyle Tucker",2.76
"Kyle Tucker",2.88
"Kyle Tucker",3.09
"Kyle Tucker",3.15
"Kyle Tucker",3.16
"Kyle Tucker",3.31
"Kyle Tucker",3.35
"Kyle Tucker",3.48
"Kyle Tucker",3.64
"Kyle Tucker",3.69
"Kyle Tucker",4.1
"Kyle Tucker",4.29
"Kyle Tucker",4.48
"Kyle Tucker",4.74
"Kyle Tucker",4.84
"Kyle Tucker",4.89
"Kyle Tucker",5.05
"Kyle Tucker",5.16
"Kyle Tucker",5.24
"Kyle Tucker",5.61
"Kyle Tucker",5.63
"Kyle Tucker",5.65
"Kyle Tucker",5.81
"Kyle Tucker",5.84
"Kyle Tucker",5.96
"Kyle Tucker",6.26
"Kyle Tucker",6.36
"Kyle Tucker",6.37
"Kyle Tucker",6.9
"Kyle Tucker",7.24
"Kyle Tucker",7.27
"Kyle Tucker",7.28
"Kyle Tucker",7.64
"Kyle Tucker",9.59
"Kyle Tucker",9.89
"Kyle Tucker",10.16
"Kyle Tucker",10.18
"Kyle Tucker",10.24
"Kyle Tucker",10.25
"Kyle Tucker",10.26
"Kyle Tucker",10.3
"Kyle Tucker",10.33
"Kyle Tucker",10.36
"Kyle Tucker",10.49
"Kyle Tucker",10.52
"Kyle Tucker",10.56
"Kyle Tucker",10.58
"Kyle Tucker",10.66
"Kyle Tucker",10.68
"Kyle Tucker",10.7
"Kyle Tucker",10.79
"Kyle Tucker",10.83
"Kyle Tucker",10.88
"Kyle Tucker",10.91
"Kyle Tucker",10.92
"Kyle Tucker",10.94
"Kyle Tucker",10.96
"Kyle Tucker",10.99
"Kyle Tucker",11.04
"Kyle Tucker",11.1
"Kyle Tucker",11.37
"Kyle Tucker",11.38
"Kyle Tucker",11.43
"Kyle Tucker",11.47
"Kyle Tucker",11.6
"Kyle Tucker",11.74
"Kyle Tucker",12.13
"Kyle Tucker",12.16
"Kyle Tucker",12.18
"Kyle Tucker",12.77
"Kyle Tucker",12.98
"Kyle Tucker",13.85
"Kyle Tucker",13.99
"Kyle Tucker",14.3
"Kyle Tucker",14.98
"Kyle Tucker",15.06
"Kyle Tucker",15.15
"Kyle Tucker",15.31
"Kyle Tucker",15.38
"Kyle Tucker",15.76
"Kyle Tucker",15.98
"Kyle Tucker",16.14
"Kyle Tucker",16.3
"Kyle Tucker",16.43
"Kyle Tucker",16.44
"Kyle Tucker",16.61
"Kyle Tucker",16.81
"Kyle Tucker",16.82
"Kyle Tucker",16.9
"Kyle Tucker",16.92
"Kyle Tucker",17.3
"Kyle Tucker",17.35
"Kyle Tucker",17.36
"Kyle Tucker",17.37
"Kyle Tucker",17.42
"Kyle Tucker",17.63
"Kyle Tucker",17.87
"Kyle Tucker",18.19
"Kyle Tucker",18.26
"Kyle Tucker",18.39
"Kyle Tucker",18.64
"Kyle Tucker",19.02
"Kyle Tucker",19.52
"Kyle Tucker",19.75
"Kyle Tucker",19.86
"Kyle Tucker",20.44
"Kyle Tucker",20.81
"Laurie Gibbs",1.24
"Laurie Gibbs",1.53
"Laurie Gibbs",1.7
"Laurie Gibbs",2.35
"Laurie Gibbs",2.37
"Laurie Gibbs",2.63
"Laurie Gibbs",2.69
"Laurie Gibbs",2.72
"Laurie Gibbs",2.79
"Laurie Gibbs",3.22
"Laurie Gibbs",3.26
"Laurie Gibbs",3.33
"Laurie Gibbs",3.37
"Laurie Gibbs",4.29
"Laurie Gibbs",5.68
"Laurie Gibbs",5.7
"Laurie Gibbs",6.19
"Laurie Gibbs",6.5
"Laurie Gibbs",7.05
"Laurie Gibbs",9.49
"Laurie Gibbs",10.1
"Laurie Gibbs",10.16
"Laurie Gibbs",10.23
"Laurie Gibbs",10.27
"Laurie Gibbs",10.32
"Laurie Gibbs",10.36
"Laurie Gibbs",10.45
"Laurie Gibbs",10.58
"Laurie Gibbs",10.6
"Laurie Gibbs",10.84
"Laurie Gibbs",10.86
"Laurie Gibbs",10.99
"Laurie Gibbs",11.07
"Laurie Gibbs",11.26
"Laurie Gibbs",11.79
"Laurie Gibbs",11.84
"Laurie Gibbs",12.17
"Laurie Gibbs",12.56
"Laurie Gibbs",13.01
"Laurie Gibbs",13.39
"Laurie Gibbs",14.39
"Laurie Gibbs",15.13
"Laurie Gibbs",15.52
"Laurie Gibbs",15.78
"Laurie Gibbs",15.95
"Laurie Gibbs",16.62
"Laurie Gibbs",16.83
"Laurie Gibbs",18.98
"Laurie Gibbs",20.02
"Laurie Gibbs",20.1
"Laurie Gibbs",57
"Laurie Gibbs",245
"Laurie Gibbs",267
"Laurie Gibbs",325
"Laurie Gibbs",691
"Laurie Gibbs",1009
"Laurie Gibbs",1095
"Laurie Gibbs",1179
"Laurie Gibbs",1534
"Laurie Gibbs",1724
"Laurie Gibbs",1795
"Malik Carlson",0.67
"Malik Carlson",0.69
"Malik Carlson",0.92
"Malik Carlson",1.24
"Malik Carlson",1.36
"Malik Carlson",1.56
"Malik Carlson",1.61
"Malik Carlson",1.64
"Malik Carlson",1.7
"Malik Carlson",1.72
"Malik Carlson",1.74
"Malik Carlson",1.75
"Malik Carlson",1.77
"Malik Carlson",1.81
"Malik Carlson",1.88
"Malik Carlson",1.96
"Malik Carlson",1.99
"Malik Carlson",2.14
"Malik Carlson",2.31
"Malik Carlson",2.53
"Malik Carlson",2.55
"Malik Carlson",2.73
"Malik Carlson",2.75
"Malik Carlson",2.87
"Malik Carlson",2.93
"Malik Carlson",2.95
"Malik Carlson",3.04
"Malik Carlson",3.08
"Malik Carlson",3.22
"Malik Carlson",3.44
"Malik Carlson",3.46
"Malik Carlson",3.61
"Malik Carlson",3.64
"Malik Carlson",3.66
"Malik Carlson",3.97
"Malik Carlson",4.36
"Malik Carlson",4.53
"Malik Carlson",4.6
"Malik Carlson",4.64
"Malik Carlson",4.67
"Malik Carlson",4.88
"Malik Carlson",5.34
"Malik Carlson",5.48
"Malik Carlson",5.61
"Malik Carlson",5.87
"Malik Carlson",6.36
"Malik Carlson",6.7
"Malik Carlson",6.79
"Malik Carlson",6.9
"Malik Carlson",7.23
"Malik Carlson",7.28
"Malik Carlson",9.22
"Malik Carlson",9.53
"Malik Carlson",10.04
"Malik Carlson",10.11
"Malik Carlson",10.12
"Malik Carlson",10.18
"Malik Carlson",10.28
"Malik Carlson",10.29
"Malik Carlson",10.35
"Malik Carlson",10.36
"Malik Carlson",10.37
"Malik Carlson",10.39
"Malik Carlson",10.4
"Malik Carlson",10.45
"Malik Carlson",10.46
"Malik Carlson",10.47
"Malik Carlson",10.62
"Malik Carlson",10.63
"Malik Carlson",10.76
"Malik Carlson",10.82
"Malik Carlson",10.83
"Malik Carlson",10.89
"Malik Carlson",11.01
"Malik Carlson",11.08
"Malik Carlson",11.13
"Malik Carlson",11.24
"Malik Carlson",11.35
"Malik Carlson",11.55
"Malik Carlson",11.64
"Malik Carlson",11.78
"Malik Carlson",12.1
"Malik Carlson",12.15
"Malik Carlson",12.25
"Malik Carlson",12.61
"Malik Carlson",12.67
"Malik Carlson",12.88
"Malik Carlson",12.92
"Malik Carlson",13.6
"Malik Carlson",14.43
"Malik Carlson",14.45
"Malik Carlson",15.57
"Malik Carlson",15.88
"Malik Carlson",16.16
"Malik Carlson",16.26
"Malik Carlson",16.7
"Malik Carlson",17.22
"Malik Carlson",17.36
"Malik Carlson",17.53
"Malik Carlson",17.57
"Malik Carlson",17.73
"Malik Carlson",17.94
"Malik Carlson",17.97
"Malik Carlson",18.09
"Malik Carlson",18.14
"Malik Carlson",18.3
"Malik Carlson",18.52
"Malik Carlson",18.54
"Malik Carlson",18.65
"Malik Carlson",18.83
"Malik Carlson",19.22
"Malik Carlson",19.6
"Malik Carlson",20.75
"Malik Carlson",21.2
"Malik Carlson",22.12
"Malik Carlson",117
"Malik Carlson",121
"Malik Carlson",175
"Malik Carlson",333
"Malik Carlson",458
"Malik Carlson",974
"Malik Carlson",1077
"Malik Carlson",1154
"Malik Carlson",1176
"Malik Carlson",1769
"Malik Carlson",1814
"Malik Carlson",1839
"Mark Lewis",0.58
"Mark Lewis",0.99
"Mark Lewis",1.09
"Mark Lewis",1.13
"Mark Lewis",1.15
"Mark Lewis",1.26
"Mark Lewis",1.28
"Mark Lewis",1.35
"Mark Lewis",1.45
"Mark Lewis",1.48
"Mark Lewis",1.57
"Mark Lewis",1.76
"Mark Lewis",1.77
"Mark Lewis",1.78
"Mark Lewis",1.82
"Mark Lewis",2.12
"Mark Lewis",2.19
"Mark Lewis",2.3
"Mark Lewis",2.32
"Mark Lewis",2.36
"Mark Lewis",2.39
"Mark Lewis",2.43
"Mark Lewis",2.47
"Mark Lewis",2.62
"Mark Lewis",2.65
"Mark Lewis",2.68
"Mark Lewis",2.7
"Mark Lewis",2.73
"Mark Lewis",2.77
"Mark Lewis",2.8
"Mark Lewis",2.82
"Mark Lewis",2.91
"Mark Lewis",3.08
"Mark Lewis",3.09
"Mark Lewis",3.1
"Mark Lewis",3.23
"Mark Lewis",3.41
"Mark Lewis",3.42
"Mark Lewis",3.45
"Mark Lewis",3.47
"Mark Lewis",3.68
"Mark Lewis",3.8
"Mark Lewis",3.92
"Mark Lewis",3.95
"Mark Lewis",3.96
"Mark Lewis",4
"Mark Lewis",4.01
"Mark Lewis",4.06
"Mark Lewis",4.08
"Mark Lewis",4.1
"Mark Lewis",4.12
"Mark Lewis",4.15
"Mark Lewis",4.18
"Mark Lewis",4.54
"Mark Lewis",5.04
"Mark Lewis",5.05
"Mark Lewis",5.08
"Mark Lewis",5.1
"Mark Lewis",5.16
"Mark Lewis",5.31
"Mark Lewis",5.32
"Mark Lewis",5.47
"Mark Lewis",5.69
"Mark Lewis",5.71
"Mark Lewis",5.92
"Mark Lewis",5.97
"Mark Lewis",6.03
"Mark Lewis",6.17
"Mark Lewis",6.27
"Mark Lewis",6.31
"Mark Lewis",7.35
"Mark Lewis",7.82
"Mark Lewis",8.63
"Mark Lewis",8.85
"Mark Lewis",9.76
"Mark Lewis",10.13
"Mark Lewis",10.14
"Mark Lewis",10.17
"Mark Lewis",10.19
"Mark Lewis",10.2
"Mark Lewis",10.21
"Mark Lewis",10.22
"Mark Lewis",10.24
"Mark Lewis",10.25
"Mark Lewis",10.27
"Mark Lewis",10.28
"Mark Lewis",10.31
"Mark Lewis",10.32
"Mark Lewis",10.36
"Mark Lewis",10.39
"Mark Lewis",10.41
"Mark Lewis",10.44
"Mark Lewis",10.47
"Mark Lewis",10.49
"Mark Lewis",10.53
"Mark Lewis",10.55
"Mark Lewis",10.56
"Mark Lewis",10.62
"Mark Lewis",10.72
"Mark Lewis",10.84
"Mark Lewis",10.85
"Mark Lewis",10.89
"Mark Lewis",10.94
"Mark Lewis",11.05
"Mark Lewis",11.08
"Mark Lewis",11.21
"Mark Lewis",11.24
"Mark Lewis",11.26
"Mark Lewis",11.48
"Mark Lewis",11.49
"Mark Lewis",11.56
"Mark Lewis",11.69
"Mark Lewis",11.72
"Mark Lewis",11.87
"Mark Lewis",12.06
"Mark Lewis",12.26
"Mark Lewis",12.43
"Mark Lewis",12.76
"Mark Lewis",12.98
"Mark Lewis",13.08
"Mark Lewis",13.42
"Mark Lewis",13.94
"Mark Lewis",14.22
"Mark Lewis",14.32
"Mark Lewis",14.91
"Mark Lewis",15.21
"Mark Lewis",15.25
"Mark Lewis",15.4
"Mark Lewis",15.42
"Mark Lewis",15.71
"Mark Lewis",15.84
"Mark Lewis",15.94
"Mark Lewis",16.04
"Mark Lewis",16.36
"Mark Lewis",16.43
"Mark Lewis",16.55
"Mark Lewis",16.57
"Mark Lewis",16.68
"Mark Lewis",16.71
"Mark Lewis",16.72
"Mark Lewis",16.73
"Mark Lewis",16.76
"Mark Lewis",17.17
"Mark Lewis",17.21
"Mark Lewis",17.36
"Mark Lewis",17.67
"Mark Lewis",17.73
"Mark Lewis",17.8
"Mark Lewis",17.91
"Mark Lewis",17.93
"Mark Lewis",17.97
"Mark Lewis",18.3
"Mark Lewis",18.4
"Mark Lewis",18.56
"Mark Lewis",18.64
"Mark Lewis",18.76
"Mark Lewis",18.8
"Mark Lewis",18.82
"Mark Lewis",18.95
"Mark Lewis",19.07
"Mark Lewis",19.37
"Mark Lewis",19.41
"Mark Lewis",20.65
"Matthew Gutierrez",0.86
"Matthew Gutierrez",0.91
"Matthew Gutierrez",0.92
"Matthew Gutierrez",1.04
"Matthew Gutierrez",1.16
"Matthew Gutierrez",1.18
"Matthew Gutierrez",1.21
"Matthew Gutierrez",1.31
"Matthew Gutierrez",1.39
"Matthew Gutierrez",1.48
"Matthew Gutierrez",1.53
"Matthew Gutierrez",1.63
"Matthew Gutierrez",1.8
"Matthew Gutierrez",1.81
"Matthew Gutierrez",1.83
"Matthew Gutierrez",1.89
"Matthew Gutierrez",1.92
"Matthew Gutierrez",1.94
"Matthew Gutierrez",1.98
"Matthew Gutierrez",2.08
"Matthew Gutierrez",2.09
"Matthew Gutierrez",2.1
"Matthew Gutierrez",2.11
"Matthew Gutierrez",2.2
"Matthew Gutierrez",2.26
"Matthew Gutierrez",2.28
"Matthew Gutierrez",2.31
"Matthew Gutierrez",2.4
"Matthew Gutierrez",2.41
"Matthew Gutierrez",2.44
"Matthew Gutierrez",2.46
"Matthew Gutierrez",2.53
"Matthew Gutierrez",2.57
"Matthew Gutierrez",2.59
"Matthew Gutierrez",2.7
"Matthew Gutierrez",2.71
"Matthew Gutierrez",2.85
"Matthew Gutierrez",2.92
"Matthew Gutierrez",2.95
"Matthew Gutierrez",3
"Matthew Gutierrez",3.02
"Matthew Gutierrez",3.12
"Matthew Gutierrez",3.2
"Matthew Gutierrez",3.24
"Matthew Gutierrez",3.26
"Matthew Gutierrez",3.27
"Matthew Gutierrez",3.34
"Matthew Gutierrez",3.36
"Matthew Gutierrez",3.38
"Matthew Gutierrez",3.4
"Matthew Gutierrez",3.43
"Matthew Gutierrez",3.48
"Matthew Gutierrez",3.49
"Matthew Gutierrez",3.54
"Matthew Gutierrez",3.61
"Matthew Gutierrez",3.69
"Matthew Gutierrez",3.77
"Matthew Gutierrez",3.85
"Matthew Gutierrez",4.12
"Matthew Gutierrez",4.14
"Matthew Gutierrez",4.2
"Matthew Gutierrez",4.22
"Matthew Gutierrez",4.26
"Matthew Gutierrez",4.31
"Matthew Gutierrez",4.34
"Matthew Gutierrez",4.37
"Matthew Gutierrez",4.39
"Matthew Gutierrez",4.47
"Matthew Gutierrez",4.53
"Matthew Gutierrez",4.55
"Matthew Gutierrez",4.58
"Matthew Gutierrez",4.6
"Matthew Gutierrez",4.79
"Matthew Gutierrez",4.89
"Matthew Gutierrez",4.96
"Matthew Gutierrez",4.98
"Matthew Gutierrez",5.14
"Matthew Gutierrez",5.2
"Matthew Gutierrez",5.21
"Matthew Gutierrez",5.22
"Matthew Gutierrez",5.35
"Matthew Gutierrez",5.51
"Matthew Gutierrez",5.67
"Matthew Gutierrez",5.69
"Matthew Gutierrez",5.82
"Matthew Gutierrez",6.25
"Matthew Gutierrez",6.28
"Matthew Gutierrez",6.34
"Matthew Gutierrez",6.41
"Matthew Gutierrez",6.46
"Matthew Gutierrez",6.69
"Matthew Gutierrez",6.73
"Matthew Gutierrez",6.87
"Matthew Gutierrez",7.11
"Matthew Gutierrez",7.52
"Matthew Gutierrez",8.34
"Matthew Gutierrez",8.38
"Matthew Gutierrez",8.77
"Matthew Gutierrez",9.1
"Matthew Gutierrez",9.11
"Matthew Gutierrez",9.26
"Matthew Gutierrez",9.61
"Matthew Gutierrez",10.04
"Matthew Gutierrez",10.05
"Matthew Gutierrez",10.06
"Matthew Gutierrez",10.08
"Matthew Gutierrez",10.11
"Matthew Gutierrez",10.14
"Matthew Gutierrez",10.15
"Matthew Gutierrez",10.17
"Matthew Gutierrez",10.19
"Matthew Gutierrez",10.28
"Matthew Gutierrez",10.29
"Matthew Gutierrez",10.33
"Matthew Gutierrez",10.39
"Matthew Gutierrez",10.45
"Matthew Gutierrez",10.46
"Matthew Gutierrez",10.48
"Matthew Gutierrez",10.49
"Matthew Gutierrez",10.53
"Matthew Gutierrez",10.55
"Matthew Gutierrez",10.61
"Matthew Gutierrez",10.67
"Matthew Gutierrez",10.68
"Matthew Gutierrez",10.73
"Matthew Gutierrez",10.74
"Matthew Gutierrez",10.75
"Matthew Gutierrez",10.78
"Matthew Gutierrez",10.79
"Matthew Gutierrez",10.81
"Matthew Gutierrez",10.92
"Matthew Gutierrez",10.93
"Matthew Gutierrez",10.94
"Matthew Gutierrez",11.02
"Matthew Gutierrez",11.07
"Matthew Gutierrez",11.12
"Matthew Gutierrez",11.14
"Matthew Gutierrez",11.19
"Matthew Gutierrez",11.2
"Matthew Gutierrez",11.22
"Matthew Gutierrez",11.24
"Matthew Gutierrez",11.35
"Matthew Gutierrez",11.51
"Matthew Gutierrez",11.56
"Matthew Gutierrez",11.58
"Matthew Gutierrez",11.61
"Matthew Gutierrez",11.72
"Matthew Gutierrez",11.73
"Matthew Gutierrez",11.79
"Matthew Gutierrez",11.93
"Matthew Gutierrez",11.95
"Matthew Gutierrez",12.33
"Matthew Gutierrez",12.37
"Matthew Gutierrez",12.67
"Matthew Gutierrez",12.76
"Matthew Gutierrez",13.75
"Matthew Gutierrez",14.19
"Matthew Gutierrez",14.24
"Matthew Gutierrez",14.36
"Matthew Gutierrez",14.57
"Matthew Gutierrez",14.62
"Matthew Gutierrez",14.67
"Matthew Gutierrez",14.86
"Matthew Gutierrez",15.06
"Matthew Gutierrez",15.18
"Matthew Gutierrez",15.48
"Matthew Gutierrez",15.58
"Matthew Gutierrez",15.62
"Matthew Gutierrez",15.95
"Matthew Gutierrez",16.21
"Matthew Gutierrez",16.31
"Matthew Gutierrez",16.36
"Matthew Gutierrez",16.38
"Matthew Gutierrez",16.58
"Matthew Gutierrez",16.67
"Matthew Gutierrez",16.86
"Matthew Gutierrez",16.98
"Matthew Gutierrez",17.14
"Matthew Gutierrez",17.2
"Matthew Gutierrez",17.35
"Matthew Gutierrez",17.51
"Matthew Gutierrez",17.53
"Matthew Gutierrez",17.54
"Matthew Gutierrez",17.7
"Matthew Gutierrez",17.81
"Matthew Gutierrez",17.87
"Matthew Gutierrez",18.01
"Matthew Gutierrez",18.03
"Matthew Gutierrez",18.37
"Matthew Gutierrez",18.38
"Matthew Gutierrez",18.53
"Matthew Gutierrez",18.54
"Matthew Gutierrez",18.71
"Matthew Gutierrez",18.93
"Matthew Gutierrez",18.96
"Matthew Gutierrez",19.1
"Matthew Gutierrez",19.24
"Matthew Gutierrez",19.27
"Matthew Gutierrez",19.34
"Matthew Gutierrez",20
"Matthew Gutierrez",20.14
"Matthew Gutierrez",20.22
"Matthew Gutierrez",20.71
"Megan Price",0.7
"Megan Price",1
"Megan Price",1.05
"Megan Price",1.09
"Megan Price",1.13
"Megan Price",1.18
"Megan Price",1.27
"Megan Price",1.37
"Megan Price",1.42
"Megan Price",1.43
"Megan Price",1.46
"Megan Price",1.49
"Megan Price",1.55
"Megan Price",1.58
"Megan Price",1.66
"Megan Price",1.7
"Megan Price",1.8
"Megan Price",1.81
"Megan Price",1.83
"Megan Price",1.93
"Megan Price",1.96
"Megan Price",1.97
"Megan Price",2.16
"Megan Price",2.31
"Megan Price",2.34
"Megan Price",2.37
"Megan Price",2.48
"Megan Price",2.6
"Megan Price",2.61
"Megan Price",2.64
"Megan Price",2.69
"Megan Price",2.71
"Megan Price",2.79
"Megan Price",2.91
"Megan Price",2.98
"Megan Price",2.99
"Megan Price",3.05
"Megan Price",3.21
"Megan Price",3.25
"Megan Price",3.26
"Megan Price",3.51
"Megan Price",3.64
"Megan Price",3.83
"Megan Price",3.92
"Megan Price",4.04
"Megan Price",4.07
"Megan Price",4.1
"Megan Price",4.12
"Megan Price",4.13
"Megan Price",4.28
"Megan Price",4.44
"Megan Price",4.58
"Megan Price",4.59
"Megan Price",4.83
"Megan Price",4.88
"Megan Price",4.89
"Megan Price",5.1
"Megan Price",5.31
"Megan Price",5.47
"Megan Price",5.5
"Megan Price",5.55
"Megan Price",5.57
"Megan Price",5.76
"Megan Price",5.87
"Megan Price",6.07
"Megan Price",6.13
"Megan Price",6.24
"Megan Price",6.41
"Megan Price",6.76
"Megan Price",6.9
"Megan Price",7.01
"Megan Price",7.11
"Megan Price",7.23
"Megan Price",7.29
"Megan Price",7.33
"Megan Price",7.6
"Megan Price",7.87
"Megan Price",9.04
"Megan Price",9.29
"Megan Price",10.04
"Megan Price",10.06
"Megan Price",10.08
"Megan Price",10.1
"Megan Price",10.12
"Megan Price",10.14
"Megan Price",10.16
"Megan Price",10.17
"Megan Price",10.19
"Megan Price",10.2
"Megan Price",10.21
"Megan Price",10.23
"Megan Price",10.25
"Megan Price",10.26
"Megan Price",10.27
"Megan Price",10.28
"Megan Price",10.32
"Megan Price",10.34
"Megan Price",10.35
"Megan Price",10.36
"Megan Price",10.38
"Megan Price",10.39
"Megan Price",10.48
"Megan Price",10.49
"Megan Price",10.54
"Megan Price",10.55
"Megan Price",10.56
"Megan Price",10.6
"Megan Price",10.75
"Megan Price",10.78
"Megan Price",10.81
"Megan Price",10.86
"Megan Price",10.9
"Megan Price",10.92
"Megan Price",10.93
"Megan Price",10.97
"Megan Price",11.03
"Megan Price",11.05
"Megan Price",11.06
"Megan Price",11.11
"Megan Price",11.13
"Megan Price",11.16
"Megan Price",11.35
"Megan Price",11.37
"Megan Price",11.46
"Megan Price",11.61
"Megan Price",11.66
"Megan Price",11.79
"Megan Price",11.96
"Megan Price",11.97
"Megan Price",12.07
"Megan Price",12.27
"Megan Price",12.47
"Megan Price",12.81
"Megan Price",12.9
"Megan Price",13.29
"Megan Price",13.59
"Megan Price",13.65
"Megan Price",14.13
"Megan Price",14.17
"Megan Price",14.49
"Megan Price",14.8
"Megan Price",14.93
"Megan Price",14.99
"Megan Price",15.22
"Megan Price",15.43
"Megan Price",15.67
"Megan Price",15.73
"Megan Price",15.79
"Megan Price",15.87
"Megan Price",15.98
"Megan Price",16.08
"Megan Price",16.1
"Megan Price",16.15
"Megan Price",16.46
"Megan Price",16.54
"Megan Price",16.67
"Megan Price",16.69
"Megan Price",16.82
"Megan Price",16.83
"Megan Price",16.99
"Megan Price",17.12
"Megan Price",17.14
"Megan Price",17.21
"Megan Price",17.42
"Megan Price",17.44
"Megan Price",17.54
"Megan Price",17.55
"Megan Price",17.68
"Megan Price",17.78
"Megan Price",17.81
"Megan Price",17.88
"Megan Price",17.93
"Megan Price",17.97
"Megan Price",18.19
"Megan Price",18.29
"Megan Price",18.3
"Megan Price",18.67
"Megan Price",18.97
"Megan Price",19
"Megan Price",19.04
"Megan Price",19.11
"Megan Price",19.2
"Megan Price",20.17
"Megan Price",20.81
"Megan Price",20.97
"Megan Price",21.27
"Megan Price",233
"Megan Price",748
"Megan Price",852
"Megan Price",1031
"Megan Price",1075
"Megan Price",1102
"Megan Price",1108
"Megan Price",1123
"Megan Price",1530
"Megan Price",1592
"Megan Price",1678
"Megan Price",1802
"Michael Carroll",0.72
"Michael Carroll",1.75
"Michael Carroll",1.92
"Michael Carroll",1.95
"Michael Carroll",2.35
"Michael Carroll",2.43
"Michael Carroll",2.45
"Michael Carroll",2.5
"Michael Carroll",2.74
"Michael Carroll",2.94
"Michael Carroll",3.12
"Michael Carroll",3.62
"Michael Carroll",3.69
"Michael Carroll",3.85
"Michael Carroll",4.11
"Michael Carroll",5.19
"Michael Carroll",5.33
"Michael Carroll",5.55
"Michael Carroll",6.25
"Michael Carroll",6.4
"Michael Carroll",8.73
"Michael Carroll",8.85
"Michael Carroll",10.02
"Michael Carroll",10.06
"Michael Carroll",10.07
"Michael Carroll",10.12
"Michael Carroll",10.15
"Michael Carroll",10.2
"Michael Carroll",10.27
"Michael Carroll",10.29
"Michael Carroll",10.6
"Michael Carroll",10.85
"Michael Carroll",10.9
"Michael Carroll",10.92
"Michael Carroll",11.07
"Michael Carroll",11.24
"Michael Carroll",11.36
"Michael Carroll",11.38
"Michael Carroll",11.63
"Michael Carroll",11.95
"Michael Carroll",12.39
"Michael Carroll",12.47
"Michael Carroll",13.83
"Michael Carroll",13.97
"Michael Carroll",14.54
"Michael Carroll",14.95
"Michael Carroll",15.06
"Michael Carroll",15.29
"Michael Carroll",15.73
"Michael Carroll",16.04
"Michael Carroll",16.44
"Michael Carroll",16.92
"Michael Carroll",17.4
"Michael Carroll",17.9
"Michael Carroll",18.11
"Michael Carroll",18.48
"Michael Carroll",18.67
"Michael Carroll",20.42
"Michael Carroll",22.49
"Michael Floyd",1.09
"Michael Floyd",1.1
"Michael Floyd",1.2
"Michael Floyd",1.24
"Michael Floyd",1.25
"Michael Floyd",1.27
"Michael Floyd",1.47
"Michael Floyd",1.51
"Michael Floyd",1.52
"Michael Floyd",1.63
"Michael Floyd",1.69
"Michael Floyd",1.82
"Michael Floyd",1.91
"Michael Floyd",1.93
"Michael Floyd",2
"Michael Floyd",2.12
"Michael Floyd",2.18
"Michael Floyd",2.22
"Michael Floyd",2.23
"Michael Floyd",2.32
"Michael Floyd",2.33
"Michael Floyd",2.4
"Michael Floyd",2.41
"Michael Floyd",2.44
"Michael Floyd",2.58
"Michael Floyd",2.75
"Michael Floyd",2.84
"Michael Floyd",2.92
"Michael Floyd",3.04
"Michael Floyd",3.2
"Michael Floyd",3.24
"Michael Floyd",3.35
"Michael Floyd",3.38
"Michael Floyd",3.58
"Michael Floyd",3.68
"Michael Floyd",3.86
"Michael Floyd",3.9
"Michael Floyd",3.92
"Michael Floyd",3.97
"Michael Floyd",4.03
"Michael Floyd",4.25
"Michael Floyd",4.28
"Michael Floyd",4.65
"Michael Floyd",4.79
"Michael Floyd",5.01
"Michael Floyd",5.36
"Michael Floyd",5.4
"Michael Floyd",5.48
"Michael Floyd",5.53
"Michael Floyd",5.55
"Michael Floyd",5.79
"Michael Floyd",6.33
"Michael Floyd",6.51
"Michael Floyd",7.02
"Michael Floyd",7.07
"Michael Floyd",7.15
"Michael Floyd",7.5
"Michael Floyd",8.03
"Michael Floyd",8.09
"Michael Floyd",8.18
"Michael Floyd",8.97
"Michael Floyd",10.01
"Michael Floyd",10.06
"Michael Floyd",10.08
"Michael Floyd",10.09
"Michael Floyd",10.1
"Michael Floyd",10.14
"Michael Floyd",10.27
"Michael Floyd",10.41
"Michael Floyd",10.44
"Michael Floyd",10.47
"Michael Floyd",10.54
"Michael Floyd",10.56
"Michael Floyd",10.58
"Michael Floyd",10.59
"Michael Floyd",10.61
"Michael Floyd",10.63
"Michael Floyd",10.65
"Michael Floyd",10.69
"Michael Floyd",10.72
"Michael Floyd",10.8
"Michael Floyd",10.85
"Michael Floyd",11.18
"Michael Floyd",11.3
"Michael Floyd",11.42
"Michael Floyd",11.59
"Michael Floyd",11.82
"Michael Floyd",11.9
"Michael Floyd",12.04
"Michael Floyd",12.12
"Michael Floyd",13.11
"Michael Floyd",13.59
"Michael Floyd",13.88
"Michael Floyd",14.38
"Michael Floyd",15.03
"Michael Floyd",15.1
"Michael Floyd",15.26
"Michael Floyd",15.28
"Michael Floyd",15.46
"Michael Floyd",15.95
"Michael Floyd",16.32
"Michael Floyd",16.41
"Michael Floyd",16.42
"Michael Floyd",16.59
"Michael Floyd",16.63
"Michael Floyd",16.65
"Michael Floyd",17.1
"Michael Floyd",17.11
"Michael Floyd",17.26
"Michael Floyd",17.37
"Michael Floyd",17.49
"Michael Floyd",18.48
"Michael Floyd",18.56
"Michael Floyd",18.7
"Michael Floyd",20.29
"Michael Floyd",20.71
"Michael Floyd",21.61
"Nancy Contreras",0.91
"Nancy Contreras",1.03
"Nancy Contreras",1.1
"Nancy Contreras",1.18
"Nancy Contreras",1.2
"Nancy Contreras",1.26
"Nancy Contreras",1.39
"Nancy Contreras",1.46
"Nancy Contreras",1.56
"Nancy Contreras",1.61
"Nancy Contreras",1.65
"Nancy Contreras",1.66
"Nancy Contreras",1.67
"Nancy Contreras",1.74
"Nancy Contreras",1.89
"Nancy Contreras",2.03
"Nancy Contreras",2.04
"Nancy Contreras",2.11
"Nancy Contreras",2.22
"Nancy Contreras",2.27
"Nancy Contreras",2.32
"Nancy Contreras",2.56
"Nancy Contreras",2.6
"Nancy Contreras",2.62
"Nancy Contreras",2.63
"Nancy Contreras",2.75
"Nancy Contreras",2.79
"Nancy Contreras",2.88
"Nancy Contreras",2.93
"Nancy Contreras",3.02
"Nancy Contreras",3.08
"Nancy Contreras",3.35
"Nancy Contreras",3.36
"Nancy Contreras",3.52
"Nancy Contreras",3.65
"Nancy Contreras",3.69
"Nancy Contreras",3.8
"Nancy Contreras",3.97
"Nancy Contreras",4.15
"Nancy Contreras",4.2
"Nancy Contreras",4.23
"Nancy Contreras",5.15
"Nancy Contreras",5.16
"Nancy Contreras",5.24
"Nancy Contreras",5.34
"Nancy Contreras",5.97
"Nancy Contreras",6.01
"Nancy Contreras",6.02
"Nancy Contreras",6.13
"Nancy Contreras",7.08
"Nancy Contreras",7.39
"Nancy Contreras",8.07
"Nancy Contreras",10
"Nancy Contreras",10.02
"Nancy Contreras",10.05
"Nancy Contreras",10.06
"Nancy Contreras",10.1
"Nancy Contreras",10.14
"Nancy Contreras",10.15
"Nancy Contreras",10.17
"Nancy Contreras",10.19
"Nancy Contreras",10.21
"Nancy Contreras",10.24
"Nancy Contreras",10.41
"Nancy Contreras",10.55
"Nancy Contreras",10.58
"Nancy Contreras",10.63
"Nancy Contreras",10.69
"Nancy Contreras",10.73
"Nancy Contreras",10.74
"Nancy Contreras",10.75
"Nancy Contreras",10.8
"Nancy Contreras",10.81
"Nancy Contreras",11.01
"Nancy Contreras",11.33
"Nancy Contreras",11.38
"Nancy Contreras",11.53
"Nancy Contreras",11.7
"Nancy Contreras",11.88
"Nancy Contreras",11.91
"Nancy Contreras",12.15
"Nancy Contreras",12.42
"Nancy Contreras",12.86
"Nancy Contreras",13.57
"Nancy Contreras",14.36
"Nancy Contreras",14.64
"Nancy Contreras",15.66
"Nancy Contreras",15.86
"Nancy Contreras",15.98
"Nancy Contreras",16.29
"Nancy Contreras",16.49
"Nancy Contreras",16.5
"Nancy Contreras",16.58
"Nancy Contreras",16.61
"Nancy Contreras",16.7
"Nancy Contreras",17.11
"Nancy Contreras",17.15
"Nancy Contreras",17.47
"Nancy Contreras",17.84
"Nancy Contreras",18.28
"Nancy Contreras",18.88
"Nancy Contreras",20.03
"Nancy Contreras",20.73
"Nancy Contreras",21.04
"Nancy Contreras",100
"Nancy Contreras",137
"Nancy Contreras",269
"Nancy Contreras",749
"Nancy Contreras",1001
"Nancy Contreras",1046
"Nancy Contreras",1063
"Nancy Contreras",1074
"Nancy Contreras",1162
"Nancy Contreras",1177
"Nancy Contreras",1334
"Nancy Contreras",1813
"Peter Mckay",0.61
"Peter Mckay",0.78
"Peter Mckay",0.82
"Peter Mckay",1.13
"Peter Mckay",1.18
"Peter Mckay",1.21
"Peter Mckay",1.37
"Peter Mckay",1.39
"Peter Mckay",1.45
"Peter Mckay",1.52
"Peter Mckay",1.54
"Peter Mckay",1.56
"Peter Mckay",1.57
"Peter Mckay",1.62
"Peter Mckay",1.63
"Peter Mckay",1.65
"Peter Mckay",1.72
"Peter Mckay",1.75
"Peter Mckay",1.77
"Peter Mckay",1.86
"Peter Mckay",1.89
"Peter Mckay",1.91
"Peter Mckay",2.01
"Peter Mckay",2.06
"Peter Mckay",2.09
"Peter Mckay",2.38
"Peter Mckay",2.45
"Peter Mckay",2.53
"Peter Mckay",2.55
"Peter Mckay",2.6
"Peter Mckay",2.69
"Peter Mckay",2.73
"Peter Mckay",2.81
"Peter Mckay",2.82
"Peter Mckay",2.85
"Peter Mckay",2.88
"Peter Mckay",2.89
"Peter Mckay",2.92
"Peter Mckay",2.94
"Peter Mckay",2.97
"Peter Mckay",3.01
"Peter Mckay",3.08
"Peter Mckay",3.11
"Peter Mckay",3.16
"Peter Mckay",3.25
"Peter Mckay",3.27
"Peter Mckay",3.35
"Peter Mckay",3.36
"Peter Mckay",3.4
"Peter Mckay",3.5
"Peter Mckay",3.53
"Peter Mckay",3.65
"Peter Mckay",3.68
"Peter Mckay",3.69
"Peter Mckay",3.7
"Peter Mckay",3.83
"Peter Mckay",3.88
"Peter Mckay",3.93
"Peter Mckay",4.16
"Peter Mckay",4.26
"Peter Mckay",4.37
"Peter Mckay",4.77
"Peter Mckay",4.85
"Peter Mckay",4.95
"Peter Mckay",5.05
"Peter Mckay",5.13
"Peter Mckay",5.14
"Peter Mckay",5.27
"Peter Mckay",5.31
"Peter Mckay",5.39
"Peter Mckay",5.41
"Peter Mckay",5.57
"Peter Mckay",5.59
"Peter Mckay",5.62
"Peter Mckay",5.64
"Peter Mckay",5.88
"Peter Mckay",5.96
"Peter Mckay",5.98
"Peter Mckay",6.12
"Peter Mckay",6.27
"Peter Mckay",6.46
"Peter Mckay",6.52
"Peter Mckay",6.58
"Peter Mckay",7.22
"Peter Mckay",7.8
"Peter Mckay",8.07
"Peter Mckay",8.13
"Peter Mckay",8.31
"Peter Mckay",9.66
"Peter Mckay",10.05
"Peter Mckay",10.08
"Peter Mckay",10.09
"Peter Mckay",10.11
"Peter Mckay",10.12
"Peter Mckay",10.13
"Peter Mckay",10.15
"Peter Mckay",10.17
"Peter Mckay",10.2
"Peter Mckay",10.27
"Peter Mckay",10.29
"Peter Mckay",10.3
"Peter Mckay",10.33
"Peter Mckay",10.37
"Peter Mckay",10.4
"Peter Mckay",10.46
"Peter Mckay",10.48
"Peter Mckay",10.49
"Peter Mckay",10.52
"Peter Mckay",10.53
"Peter Mckay",10.59
"Peter Mckay",10.63
"Peter Mckay",10.69
"Peter Mckay",10.72
"Peter Mckay",10.73
"Peter Mckay",10.79
"Peter Mckay",10.82
"Peter Mckay",10.84
"Peter Mckay",10.89
"Peter Mckay",10.9
"Peter Mckay",10.95
"Peter Mckay",11.03
"Peter Mckay",11.04
"Peter Mckay",11.06
"Peter Mckay",11.12
"Peter Mckay",11.15
"Peter Mckay",11.18
"Peter Mckay",11.2
"Peter Mckay",11.26
"Peter Mckay",11.29
"Peter Mckay",11.38
"Peter Mckay",11.41
"Peter Mckay",11.43
"Peter Mckay",11.44
"Peter Mckay",11.46
"Peter Mckay",11.5
"Peter Mckay",11.63
"Peter Mckay",11.67
"Peter Mckay",11.68
"Peter Mckay",11.73
"Peter Mckay",11.94
"Peter Mckay",11.99
"Peter Mckay",12.13
"Peter Mckay",12.22
"Peter Mckay",12.37
"Peter Mckay",12.39
"Peter Mckay",12.5
"Peter Mckay",12.65
"Peter Mckay",12.89
"Peter Mckay",12.97
"Peter Mckay",13.52
"Peter Mckay",13.59
"Peter Mckay",14.01
"Peter Mckay",14.55
"Peter Mckay",14.94
"Peter Mckay",14.98
"Peter Mckay",15.11
"Peter Mckay",15.13
"Peter Mckay",15.32
"Peter Mckay",15.35
"Peter Mckay",15.38
"Peter Mckay",15.47
"Peter Mckay",15.48
"Peter Mckay",15.7
"Peter Mckay",15.74
"Peter Mckay",15.9
"Peter Mckay",15.91
"Peter Mckay",15.95
"Peter Mckay",15.97
"Peter Mckay",16.22
"Peter Mckay",16.74
"Peter Mckay",16.88
"Peter Mckay",17.08
"Peter Mckay",17.15
"Peter Mckay",17.27
"Peter Mckay",17.39
"Peter Mckay",17.58
"Peter Mckay",17.62
"Peter Mckay",17.99
"Peter Mckay",18.09
"Peter Mckay",18.3
"Peter Mckay",18.41
"Peter Mckay",18.42
"Peter Mckay",18.51
"Peter Mckay",18.53
"Peter Mckay",18.59
"Peter Mckay",18.93
"Peter Mckay",19.07
"Peter Mckay",19.08
"Peter Mckay",19.26
"Peter Mckay",19.55
"Peter Mckay",19.58
"Peter Mckay",20.6
"Peter Mckay",22.29
"Robert Johnson",0.69
"Robert Johnson",0.76
"Robert Johnson",1.1
"Robert Johnson",1.26
"Robert Johnson",1.29
"Robert Johnson",1.4
"Robert Johnson",1.54
"Robert Johnson",1.72
"Robert Johnson",1.83
"Robert Johnson",1.98
"Robert Johnson",2.27
"Robert Johnson",2.29
"Robert Johnson",2.38
"Robert Johnson",2.49
"Robert Johnson",2.75
"Robert Johnson",2.76
"Robert Johnson",2.79
"Robert Johnson",2.97
"Robert Johnson",2.99
"Robert Johnson",3.08
"Robert Johnson",3.12
"Robert Johnson",3.23
"Robert Johnson",3.49
"Robert Johnson",3.63
"Robert Johnson",3.93
"Robert Johnson",4.54
"Robert Johnson",4.56
"Robert Johnson",4.57
"Robert Johnson",4.62
"Robert Johnson",4.93
"Robert Johnson",5.13
"Robert Johnson",5.14
"Robert Johnson",5.32
"Robert Johnson",5.52
"Robert Johnson",5.62
"Robert Johnson",5.64
"Robert Johnson",5.68
"Robert Johnson",6.68
"Robert Johnson",7.41
"Robert Johnson",7.73
"Robert Johnson",8.31
"Robert Johnson",8.42
"Robert Johnson",8.9
"Robert Johnson",9.51
"Robert Johnson",10.04
"Robert Johnson",10.09
"Robert Johnson",10.1
"Robert Johnson",10.15
"Robert Johnson",10.17
"Robert Johnson",10.2
"Robert Johnson",10.21
"Robert Johnson",10.23
"Robert Johnson",10.24
"Robert Johnson",10.26
"Robert Johnson",10.3
"Robert Johnson",10.31
"Robert Johnson",10.32
"Robert Johnson",10.4
"Robert Johnson",10.46
"Robert Johnson",10.49
"Robert Johnson",10.58
"Robert Johnson",10.71
"Robert Johnson",10.73
"Robert Johnson",10.74
"Robert Johnson",10.83
"Robert Johnson",10.85
"Robert Johnson",10.92
"Robert Johnson",10.94
"Robert Johnson",10.95
"Robert Johnson",11.11
"Robert Johnson",11.12
"Robert Johnson",11.26
"Robert Johnson",11.33
"Robert Johnson",11.35
"Robert Johnson",11.38
"Robert Johnson",11.42
"Robert Johnson",11.5
"Robert Johnson",11.53
"Robert Johnson",11.71
"Robert Johnson",11.81
"Robert Johnson",11.87
"Robert Johnson",12.17
"Robert Johnson",12.32
"Robert Johnson",12.35
"Robert Johnson",13.27
"Robert Johnson",14.1
"Robert Johnson",14.25
"Robert Johnson",14.92
"Robert Johnson",15.51
"Robert Johnson",15.59
"Robert Johnson",15.78
"Robert Johnson",15.83
"Robert Johnson",16.01
"Robert Johnson",16.07
"Robert Johnson",16.47
"Robert Johnson",16.68
"Robert Johnson",16.91
"Robert Johnson",17.34
"Robert Johnson",17.39
"Robert Johnson",17.59
"Robert Johnson",17.89
"Robert Johnson",18.17
"Robert Johnson",18.3
"Robert Johnson",18.38
"Robert Johnson",18.67
"Robert Johnson",18.68
"Robert Johnson",18.7
"Robert Johnson",19.33
"Robert Johnson",19.41
"Robert Johnson",19.93
"Robert Johnson",20.07
"Robert Johnson",20.68
"Robert Johnson",267
"Robert Johnson",283
"Robert Johnson",484
"Robert Johnson",1017
"Robert Johnson",1033
"Robert Johnson",1056
"Robert Johnson",1060
"Robert Johnson",1302
"Robert Johnson",1660
"Robert Johnson",1691
"Robert Johnson",1790
"Robert Johnson",1894
"Sara Cooper",0.78
"Sara Cooper",1.12
"Sara Cooper",1.24
"Sara Cooper",1.25
"Sara Cooper",1.35
"Sara Cooper",1.46
"Sara Cooper",1.5
"Sara Cooper",1.66
"Sara Cooper",1.68
"Sara Cooper",1.81
"Sara Cooper",1.83
"Sara Cooper",1.84
"Sara Cooper",2.01
"Sara Cooper",2.02
"Sara Cooper",2.06
"Sara Cooper",2.11
"Sara Cooper",2.14
"Sara Cooper",2.24
"Sara Cooper",2.28
"Sara Cooper",2.38
"Sara Cooper",2.59
"Sara Cooper",2.64
"Sara Cooper",2.7
"Sara Cooper",2.83
"Sara Cooper",2.87
"Sara Cooper",2.88
"Sara Cooper",2.92
"Sara Cooper",3.35
"Sara Cooper",3.5
"Sara Cooper",3.56
"Sara Cooper",3.61
"Sara Cooper",3.8
"Sara Cooper",3.86
"Sara Cooper",3.98
"Sara Cooper",4.09
"Sara Cooper",4.13
"Sara Cooper",4.26
"Sara Cooper",4.43
"Sara Cooper",4.51
"Sara Cooper",4.54
"Sara Cooper",4.69
"Sara Cooper",4.72
"Sara Cooper",4.77
"Sara Cooper",5
"Sara Cooper",5.02
"Sara Cooper",5.15
"Sara Cooper",5.34
"Sara Cooper",5.53
"Sara Cooper",5.59
"Sara Cooper",5.94
"Sara Cooper",5.97
"Sara Cooper",6.12
"Sara Cooper",6.4
"Sara Cooper",6.43
"Sara Cooper",6.9
"Sara Cooper",7.15
"Sara Cooper",7.22
"Sara Cooper",7.33
"Sara Cooper",7.34
"Sara Cooper",7.39
"Sara Cooper",7.6
"Sara Cooper",7.64
"Sara Cooper",7.68
"Sara Cooper",7.73
"Sara Cooper",8.14
"Sara Cooper",10.02
"Sara Cooper",10.07
"Sara Cooper",10.14
"Sara Cooper",10.18
"Sara Cooper",10.25
"Sara Cooper",10.27
"Sara Cooper",10.37
"Sara Cooper",10.4
"Sara Cooper",10.52
"Sara Cooper",10.56
"Sara Cooper",10.66
"Sara Cooper",10.68
"Sara Cooper",10.69
"Sara Cooper",10.84
"Sara Cooper",10.86
"Sara Cooper",11.04
"Sara Cooper",11.11
"Sara Cooper",11.16
"Sara Cooper",11.21
"Sara Cooper",11.43
"Sara Cooper",12.2
"Sara Cooper",12.45
"Sara Cooper",12.5
"Sara Cooper",12.96
"Sara Cooper",13.03
"Sara Cooper",13.44
"Sara Cooper",14.21
"Sara Cooper",14.3
"Sara Cooper",14.39
"Sara Cooper",14.57
"Sara Cooper",14.62
"Sara Cooper",15.36
"Sara Cooper",15.53
"Sara Cooper",15.72
"Sara Cooper",15.76
"Sara Cooper",15.8
"Sara Cooper",15.82
"Sara Cooper",15.89
"Sara Cooper",15.95
"Sara Cooper",16.13
"Sara Cooper",16.27
"Sara Cooper",16.28
"Sara Cooper",16.85
"Sara Cooper",16.93
"Sara Cooper",16.95
"Sara Cooper",16.97
"Sara Cooper",17.03
"Sara Cooper",17.21
"Sara Cooper",17.59
"Sara Cooper",17.66
"Sara Cooper",18.27
"Sara Cooper",18.44
"Sara Cooper",18.67
"Sara Cooper",18.7
"Sara Cooper",18.88
"Sara Cooper",18.98
"Sara Cooper",19.5
"Sara Cooper",19.67
"Sara Cooper",19.69
"Sara Cooper",20.13
"Sara Cooper",20.53
"Sean Taylor",0.73
"Sean Taylor",1.01
"Sean Taylor",1.04
"Sean Taylor",1.11
"Sean Taylor",1.17
"Sean Taylor",1.27
"Sean Taylor",1.37
"Sean Taylor",1.42
"Sean Taylor",1.53
"Sean Taylor",1.66
"Sean Taylor",1.68
"Sean Taylor",1.87
"Sean Taylor",1.88
"Sean Taylor",1.95
"Sean Taylor",1.99
"Sean Taylor",2.01
"Sean Taylor",2.05
"Sean Taylor",2.09
"Sean Taylor",2.19
"Sean Taylor",2.24
"Sean Taylor",2.51
"Sean Taylor",2.59
"Sean Taylor",2.67
"Sean Taylor",2.76
"Sean Taylor",3.04
"Sean Taylor",3.14
"Sean Taylor",3.21
"Sean Taylor",3.34
"Sean Taylor",3.41
"Sean Taylor",3.48
"Sean Taylor",3.83
"Sean Taylor",3.85
"Sean Taylor",4.23
"Sean Taylor",4.29
"Sean Taylor",4.3
"Sean Taylor",4.35
"Sean Taylor",4.66
"Sean Taylor",4.88
"Sean Taylor",5.2
"Sean Taylor",5.34
"Sean Taylor",5.36
"Sean Taylor",5.38
"Sean Taylor",5.61
"Sean Taylor",5.78
"Sean Taylor",6.16
"Sean Taylor",6.23
"Sean Taylor",6.3
"Sean Taylor",6.35
"Sean Taylor",6.45
"Sean Taylor",7.37
"Sean Taylor",7.52
"Sean Taylor",7.79
"Sean Taylor",7.92
"Sean Taylor",8.4
"Sean Taylor",8.45
"Sean Taylor",9.23
"Sean Taylor",10.07
"Sean Taylor",10.11
"Sean Taylor",10.12
"Sean Taylor",10.16
"Sean Taylor",10.23
"Sean Taylor",10.38
"Sean Taylor",10.42
"Sean Taylor",10.44
"Sean Taylor",10.45
"Sean Taylor",10.49
"Sean Taylor",10.5
"Sean Taylor",10.53
"Sean Taylor",10.54
"Sean Taylor",10.71
"Sean Taylor",10.72
"Sean Taylor",10.75
"Sean Taylor",10.95
"Sean Taylor",11.1
"Sean Taylor",11.13
"Sean Taylor",11.24
"Sean Taylor",11.71
"Sean Taylor",11.73
"Sean Taylor",11.76
"Sean Taylor",12.15
"Sean Taylor",12.28
"Sean Taylor",12.32
"Sean Taylor",12.91
"Sean Taylor",13.5
"Sean Taylor",13.54
"Sean Taylor",14.42
"Sean Taylor",14.73
"Sean Taylor",14.77
"Sean Taylor",15
"Sean Taylor",15.25
"Sean Taylor",15.43
"Sean Taylor",15.52
"Sean Taylor",15.67
"Sean Taylor",15.71
"Sean Taylor",15.82
"Sean Taylor",15.84
"Sean Taylor",15.87
"Sean Taylor",15.97
"Sean Taylor",16.08
"Sean Taylor",16.2
"Sean Taylor",16.29
"Sean Taylor",16.51
"Sean Taylor",16.57
"Sean Taylor",16.68
"Sean Taylor",16.71
"Sean Taylor",16.77
"Sean Taylor",17.14
"Sean Taylor",17.16
"Sean Taylor",17.4
"Sean Taylor",17.94
"Sean Taylor",18.04
"Sean Taylor",18.11
"Sean Taylor",18.31
"Sean Taylor",18.32
"Sean Taylor",18.34
"Sean Taylor",18.43
"Sean Taylor",18.53
"Sean Taylor",18.55
"Sean Taylor",18.58
"Sean Taylor",18.88
"Sean Taylor",19.61
"Sean Taylor",19.97
"Sean Taylor",20.33
"Sean Taylor",160
"Sean Taylor",233
"Sean Taylor",445
"Sean Taylor",543
"Sean Taylor",1072
"Sean Taylor",1086
"Sean Taylor",1296
"Sean Taylor",1449
"Sean Taylor",1685
"Sean Taylor",2249
"Shane Shaffer",0.7
"Shane Shaffer",1.01
"Shane Shaffer",1.08
"Shane Shaffer",1.17
"Shane Shaffer",1.19
"Shane Shaffer",1.33
"Shane Shaffer",1.41
"Shane Shaffer",1.58
"Shane Shaffer",1.64
"Shane Shaffer",1.67
"Shane Shaffer",1.76
"Shane Shaffer",2.25
"Shane Shaffer",2.74
"Shane Shaffer",2.89
"Shane Shaffer",2.92
"Shane Shaffer",3.05
"Shane Shaffer",3.13
"Shane Shaffer",3.31
"Shane Shaffer",3.42
"Shane Shaffer",3.43
"Shane Shaffer",3.79
"Shane Shaffer",3.92
"Shane Shaffer",4.09
"Shane Shaffer",4.1
"Shane Shaffer",4.13
"Shane Shaffer",4.15
"Shane Shaffer",4.29
"Shane Shaffer",4.7
"Shane Shaffer",4.78
"Shane Shaffer",4.89
"Shane Shaffer",4.96
"Shane Shaffer",5.13
"Shane Shaffer",5.87
"Shane Shaffer",6.5
"Shane Shaffer",6.55
"Shane Shaffer",6.82
"Shane Shaffer",6.96
"Shane Shaffer",7.41
"Shane Shaffer",9.48
"Shane Shaffer",10.02
"Shane Shaffer",10.06
"Shane Shaffer",10.08
"Shane Shaffer",10.09
"Shane Shaffer",10.15
"Shane Shaffer",10.17
"Shane Shaffer",10.2
"Shane Shaffer",10.21
"Shane Shaffer",10.26
"Shane Shaffer",10.29
"Shane Shaffer",10.31
"Shane Shaffer",10.33
"Shane Shaffer",10.45
"Shane Shaffer",10.47
"Shane Shaffer",10.65
"Shane Shaffer",10.82
"Shane Shaffer",10.91
"Shane Shaffer",11.03
"Shane Shaffer",11.22
"Shane Shaffer",11.26
"Shane Shaffer",11.35
"Shane Shaffer",11.38
"Shane Shaffer",11.39
"Shane Shaffer",11.41
"Shane Shaffer",11.52
"Shane Shaffer",11.58
"Shane Shaffer",12.11
"Shane Shaffer",12.39
"Shane Shaffer",12.64
"Shane Shaffer",13.03
"Shane Shaffer",13.06
"Shane Shaffer",13.53
"Shane Shaffer",14.24
"Shane Shaffer",15.21
"Shane Shaffer",15.24
"Shane Shaffer",15.39
"Shane Shaffer",15.95
"Shane Shaffer",15.96
"Shane Shaffer",16.4
"Shane Shaffer",16.55
"Shane Shaffer",16.64
"Shane Shaffer",16.84
"Shane Shaffer",16.96
"Shane Shaffer",16.99
"Shane Shaffer",17.06
"Shane Shaffer",17.16
"Shane Shaffer",17.25
"Shane Shaffer",17.29
"Shane Shaffer",17.64
"Shane Shaffer",17.72
"Shane Shaffer",18.32
"Shane Shaffer",18.52
"Shane Shaffer",18.62
"Shane Shaffer",18.9
"Shane Shaffer",19.36
"Shane Shaffer",19.51
"Stephanie Dalton",0.75
"Stephanie Dalton",0.77
"Stephanie Dalton",0.83
"Stephanie Dalton",0.93
"Stephanie Dalton",0.96
"Stephanie Dalton",1.11
"Stephanie Dalton",1.15
"Stephanie Dalton",1.19
"Stephanie Dalton",1.21
"Stephanie Dalton",1.26
"Stephanie Dalton",1.29
"Stephanie Dalton",1.32
"Stephanie Dalton",1.45
"Stephanie Dalton",1.46
"Stephanie Dalton",1.54
"Stephanie Dalton",1.63
"Stephanie Dalton",1.68
"Stephanie Dalton",1.77
"Stephanie Dalton",1.84
"Stephanie Dalton",1.87
"Stephanie Dalton",1.88
"Stephanie Dalton",2.04
"Stephanie Dalton",2.11
"Stephanie Dalton",2.3
"Stephanie Dalton",2.43
"Stephanie Dalton",2.48
"Stephanie Dalton",2.5
"Stephanie Dalton",2.51
"Stephanie Dalton",2.55
"Stephanie Dalton",2.6
"Stephanie Dalton",2.66
"Stephanie Dalton",2.71
"Stephanie Dalton",2.81
"Stephanie Dalton",2.85
"Stephanie Dalton",2.88
"Stephanie Dalton",2.9
"Stephanie Dalton",2.93
"Stephanie Dalton",2.95
"Stephanie Dalton",2.99
"Stephanie Dalton",3.08
"Stephanie Dalton",3.14
"Stephanie Dalton",3.17
"Stephanie Dalton",3.22
"Stephanie Dalton",3.42
"Stephanie Dalton",3.49
"Stephanie Dalton",3.64
"Stephanie Dalton",3.67
"Stephanie Dalton",3.85
"Stephanie Dalton",4.18
"Stephanie Dalton",4.32
"Stephanie Dalton",4.63
"Stephanie Dalton",4.8
"Stephanie Dalton",4.82
"Stephanie Dalton",5.24
"Stephanie Dalton",5.41
"Stephanie Dalton",5.45
"Stephanie Dalton",5.48
"Stephanie Dalton",5.83
"Stephanie Dalton",5.94
"Stephanie Dalton",6.06
"Stephanie Dalton",6.37
"Stephanie Dalton",6.45
"Stephanie Dalton",6.82
"Stephanie Dalton",6.94
"Stephanie Dalton",7.19
"Stephanie Dalton",7.24
"Stephanie Dalton",7.76
"Stephanie Dalton",8.56
"Stephanie Dalton",10
"Stephanie Dalton",10.01
"Stephanie Dalton",10.04
"Stephanie Dalton",10.09
"Stephanie Dalton",10.1
"Stephanie Dalton",10.23
"Stephanie Dalton",10.31
"Stephanie Dalton",10.36
"Stephanie Dalton",10.38
"Stephanie Dalton",10.43
"Stephanie Dalton",10.55
"Stephanie Dalton",10.58
"Stephanie Dalton",10.62
"Stephanie Dalton",10.63
"Stephanie Dalton",10.69
"Stephanie Dalton",10.71
"Stephanie Dalton",10.73
"Stephanie Dalton",10.78
"Stephanie Dalton",10.85
"Stephanie Dalton",10.96
"Stephanie Dalton",10.99
"Stephanie Dalton",11
"Stephanie Dalton",11.03
"Stephanie Dalton",11.05
"Stephanie Dalton",11.06
"Stephanie Dalton",11.14
"Stephanie Dalton",11.21
"Stephanie Dalton",11.22
"Stephanie Dalton",11.32
"Stephanie Dalton",11.38
"Stephanie Dalton",11.46
"Stephanie Dalton",11.52
"Stephanie Dalton",11.62
"Stephanie Dalton",11.91
"Stephanie Dalton",11.93
"Stephanie Dalton",11.98
"Stephanie Dalton",13.05
"Stephanie Dalton",13.67
"Stephanie Dalton",14.19
"Stephanie Dalton",14.58
"Stephanie Dalton",14.69
"Stephanie Dalton",14.92
"Stephanie Dalton",15.04
"Stephanie Dalton",15.27
"Stephanie Dalton",15.35
"Stephanie Dalton",15.37
"Stephanie Dalton",15.48
"Stephanie Dalton",15.53
"Stephanie Dalton",15.61
"Stephanie Dalton",15.76
"Stephanie Dalton",15.92
"Stephanie Dalton",16.13
"Stephanie Dalton",16.37
"Stephanie Dalton",16.38
"Stephanie Dalton",16.41
"Stephanie Dalton",16.42
"Stephanie Dalton",16.68
"Stephanie Dalton",16.69
"Stephanie Dalton",16.74
"Stephanie Dalton",16.81
"Stephanie Dalton",17.11
"Stephanie Dalton",17.22
"Stephanie Dalton",17.23
"Stephanie Dalton",17.38
"Stephanie Dalton",17.56
"Stephanie Dalton",17.57
"Stephanie Dalton",17.64
"Stephanie Dalton",17.74
"Stephanie Dalton",18.03
"Stephanie Dalton",18.15
"Stephanie Dalton",18.16
"Stephanie Dalton",18.18
"Stephanie Dalton",18.31
"Stephanie Dalton",18.53
"Stephanie Dalton",18.68
"Stephanie Dalton",18.75
"Stephanie Dalton",19.2
"Stephanie Dalton",19.28
"Stephanie Dalton",19.32
"Stephanie Dalton",19.5
"Stephanie Dalton",19.55
"Stephanie Dalton",19.65
"Stephanie Dalton",20.35
"Stephanie Dalton",21.52
"Stephanie Dalton",258
"Stephanie Dalton",291
"Stephanie Dalton",466
"Stephanie Dalton",525
"Stephanie Dalton",1011
"Stephanie Dalton",1035
"Stephanie Dalton",1301
"Stephanie Dalton",1901
